Store,Date,Weekly_Sales,Predicted_Sales,Residual,Absolute_Error
1,2012-04-13,1621031.7,1574223.198,46808.50223,46808.50223
1,2012-04-20,1521577.87,1534275.483,-12697.61318,12697.61318
1,2012-04-27,1468928.37,1498722.687,-29794.31739,29794.31739
1,2012-05-04,1684519.99,1623461.377,61058.6134,61058.6134
1,2012-05-11,1611096.05,1581165.317,29930.73339,29930.73339
1,2012-05-18,1595901.87,1534797.653,61104.21663,61104.21663
1,2012-05-25,1555444.55,1510821.28,44623.27,44623.27
1,2012-06-01,1624477.58,1639376.904,-14899.32366,14899.32366
1,2012-06-08,1697230.96,1603203.729,94027.23135,94027.23135
1,2012-06-15,1630607,1570254.175,60352.82478,60352.82478
1,2012-06-22,1527845.81,1535213.69,-7367.879922,7367.879922
1,2012-06-29,1540421.49,1518678.338,21743.15158,21743.15158
1,2012-07-06,1769854.16,1579908.969,189945.1909,189945.1909
1,2012-07-13,1527014.04,1545687.498,-18673.45754,18673.45754
1,2012-07-20,1497954.76,1531315.072,-33360.31246,33360.31246
1,2012-07-27,1439123.71,1518253.065,-79129.35462,79129.35462
1,2012-08-03,1631135.79,1595867.823,35267.96679,35267.96679
1,2012-08-10,1592409.97,1583421.223,8988.746942,8988.746942
1,2012-08-17,1597868.05,1577290.65,20577.39965,20577.39965
1,2012-08-24,1494122.38,1560470.861,-66348.48124,66348.48124
1,2012-08-31,1582083.4,1569161.851,12921.5485,12921.5485
1,2012-09-07,1661767.33,1530320.219,131447.1114,131447.1114
1,2012-09-14,1517428.87,1513597.393,3831.476645,3831.476645
1,2012-09-21,1506126.06,1516505.16,-10379.10041,10379.10041
1,2012-09-28,1437059.26,1546942.341,-109883.081,109883.081
1,2012-10-05,1670785.97,1517446.576,153339.3938,153339.3938
1,2012-10-12,1573072.81,1527768.997,45303.81298,45303.81298
1,2012-10-19,1508068.77,1561756.084,-53687.31372,53687.31372
1,2012-10-26,1493659.74,1589097.218,-95437.47831,95437.47831
2,2012-04-13,1935869.1,1974583.269,-38714.16886,38714.16886
2,2012-04-20,1847344.45,1934462.188,-87117.73849,87117.73849
2,2012-04-27,1764133.09,1901147.725,-137014.6348,137014.6348
2,2012-05-04,1923957.09,2028490.807,-104533.7165,104533.7165
2,2012-05-11,1917520.99,1983868.08,-66347.0897,66347.0897
2,2012-05-18,2000940.67,1939309.877,61630.79297,61630.79297
2,2012-05-25,1912791.09,1915399.505,-2608.415183,2608.415183
2,2012-06-01,1910092.37,2042793.749,-132701.3795,132701.3795
2,2012-06-08,2010216.49,2006535.845,3680.645096,3680.645096
2,2012-06-15,1962924.3,1975352.59,-12428.29017,12428.29017
2,2012-06-22,1887733.21,1943411.421,-55678.21115,55678.21115
2,2012-06-29,1881046.12,1924269.139,-43223.01886,43223.01886
2,2012-07-06,2041507.4,1992793.655,48713.74466,48713.74466
2,2012-07-13,1830075.13,1959475.132,-129400.0023,129400.0023
2,2012-07-20,1819666.46,1944584.978,-124918.5179,124918.5179
2,2012-07-27,1757923.88,1933460.004,-175536.1239,175536.1239
2,2012-08-03,1946104.64,2011935.145,-65830.50518,65830.50518
2,2012-08-10,1866719.96,1998174.095,-131454.135,131454.135
2,2012-08-17,1928016.01,1984376.062,-56360.05246,56360.05246
2,2012-08-24,1876788.15,1966068.211,-89280.06094,89280.06094
2,2012-08-31,1947083.3,1981001.489,-33918.18883,33918.18883
2,2012-09-07,1898777.07,1945473.655,-46696.58483,46696.58483
2,2012-09-14,1814806.63,1922762.374,-107955.7443,107955.7443
2,2012-09-21,1829415.67,1926335.424,-96919.75371,96919.75371
2,2012-09-28,1746470.56,1961399.961,-214929.4007,214929.4007
2,2012-10-05,1998321.04,1931469.598,66851.44233,66851.44233
2,2012-10-12,1900745.13,1933736.432,-32991.30169,32991.30169
2,2012-10-19,1847990.41,1972309.734,-124319.3242,124319.3242
2,2012-10-26,1834458.35,2000770.592,-166312.2416,166312.2416
3,2012-04-13,420789.74,428244.9856,-7455.245606,7455.245606
3,2012-04-20,434822.13,391602.4865,43219.64348,43219.64348
3,2012-04-27,394616.11,357933.7282,36682.38177,36682.38177
3,2012-05-04,439913.57,477945.82,-38032.25004,38032.25004
3,2012-05-11,431985.36,430191.0403,1794.319696,1794.319696
3,2012-05-18,418112.76,385173.302,32939.45799,32939.45799
3,2012-05-25,413701.29,359697.5664,54003.72357,54003.72357
3,2012-06-01,432268.53,493063.0013,-60794.47131,60794.47131
3,2012-06-08,446336.8,456337.9172,-10001.11723,10001.11723
3,2012-06-15,442074.79,427603.1065,14471.6835,14471.6835
3,2012-06-22,419497.95,390423.2339,29074.71609,29074.71609
3,2012-06-29,422965.33,367937.153,55028.17702,55028.17702
3,2012-07-06,411206.5,434187.2298,-22980.72985,22980.72985
3,2012-07-13,416913.1,407710.0228,9203.077184,9203.077184
3,2012-07-20,432424.85,384302.8089,48122.04108,48122.04108
3,2012-07-27,389427.9,374092.234,15335.666,15335.666
3,2012-08-03,419990.29,447753.9942,-27763.70422,27763.70422
3,2012-08-10,391811.6,436091.6587,-44280.05869,44280.05869
3,2012-08-17,394918.83,433659.7626,-38740.93264,38740.93264
3,2012-08-24,412449.67,422977.4744,-10527.80436,10527.80436
3,2012-08-31,408838.73,430269.4111,-21430.6811,21430.6811
3,2012-09-07,408229.73,383568.8222,24660.90776,24660.90776
3,2012-09-14,407589.16,371949.8522,35639.30779,35639.30779
3,2012-09-21,414392.09,373845.7327,40546.35727,40546.35727
3,2012-09-28,389813.02,401010.0614,-11197.04143,11197.04143
3,2012-10-05,443557.65,375766.4272,67791.22276,67791.22276
3,2012-10-12,410804.39,392850.3783,17954.01169,17954.01169
3,2012-10-19,424513.08,422856.9069,1656.173107,1656.173107
3,2012-10-26,405432.7,450262.5815,-44829.88147,44829.88147
4,2012-04-13,2105301.39,2167339.706,-62038.31554,62038.31554
4,2012-04-20,2144336.89,2131865.387,12471.5027,12471.5027
4,2012-04-27,2064065.66,2111930.516,-47864.85574,47864.85574
4,2012-05-04,2196968.33,2226345.434,-29377.10443,29377.10443
4,2012-05-11,2127661.17,2160657.46,-32996.28982,32996.28982
4,2012-05-18,2207214.81,2122959.121,84255.68865,84255.68865
4,2012-05-25,2154137.67,2103113.462,51024.20846,51024.20846
4,2012-06-01,2179360.94,2229475.476,-50114.53633,50114.53633
4,2012-06-08,2245257.18,2193557.871,51699.30926,51699.30926
4,2012-06-15,2234190.93,2163933.597,70257.33288,70257.33288
4,2012-06-22,2197299.65,2131907.905,65391.74533,65391.74533
4,2012-06-29,2128362.92,2106470.823,21892.09719,21892.09719
4,2012-07-06,2224499.28,2165782.911,58716.36915,58716.36915
4,2012-07-13,2100252.61,2133044.197,-32791.58746,32791.58746
4,2012-07-20,2175563.69,2116555.699,59007.9908,59007.9908
4,2012-07-27,2048613.65,2102874.559,-54260.90896,54260.90896
4,2012-08-03,2174514.13,2179150.821,-4636.690651,4636.690651
4,2012-08-10,2193367.69,2167634.661,25733.02891,25733.02891
4,2012-08-17,2283540.3,2157745.822,125794.4783,125794.4783
4,2012-08-24,2125241.68,2143635.171,-18393.49081,18393.49081
4,2012-08-31,2081181.35,2147147.037,-65965.68707,65965.68707
4,2012-09-07,2125104.72,2112358.37,12746.34983,12746.34983
4,2012-09-14,2117854.6,2084396.433,33458.16673,33458.16673
4,2012-09-21,2119438.53,2098774.183,20664.34736,20664.34736
4,2012-09-28,2027620.23,2120642.889,-93022.65876,93022.65876
4,2012-10-05,2209835.43,2080403.502,129431.9276,129431.9276
4,2012-10-12,2133026.07,2088704.281,44321.78902,44321.78902
4,2012-10-19,2097266.85,2127764.125,-30497.27547,30497.27547
4,2012-10-26,2149594.46,2150954.397,-1359.937473,1359.937473
5,2012-04-13,351832.03,341041.2563,10790.77375,10790.77375
5,2012-04-20,330063.06,299114.2913,30948.76866,30948.76866
5,2012-04-27,324839.74,266061.1121,58778.62792,58778.62792
5,2012-05-04,360932.69,390413.993,-29481.30303,29481.30303
5,2012-05-11,333870.52,344093.0467,-10222.52672,10222.52672
5,2012-05-18,336189.66,298671.7217,37517.93827,37517.93827
5,2012-05-25,341994.48,276609.5099,65384.97007,65384.97007
5,2012-06-01,359867.8,406799.3674,-46931.56742,46931.56742
5,2012-06-08,341704.59,372669.552,-30964.96204,30964.96204
5,2012-06-15,327383.64,338793.1199,-11409.47986,11409.47986
5,2012-06-22,325041.68,303518.102,21523.57801,21523.57801
5,2012-06-29,329658.1,287028.1477,42629.95226,42629.95226
5,2012-07-06,341214.43,343279.0586,-2064.6286,2064.6286
5,2012-07-13,316203.64,315261.4246,942.2153963,942.2153963
5,2012-07-20,321205.12,294366.018,26839.10205,26839.10205
5,2012-07-27,306827.36,285116.8735,21710.48647,21710.48647
5,2012-08-03,324195.17,359287.871,-35092.70104,35092.70104
5,2012-08-10,306759.7,349232.9556,-42473.25562,42473.25562
5,2012-08-17,314014.18,344741.6606,-30727.48056,30727.48056
5,2012-08-24,320831.36,326030.6732,-5199.31317,5199.31317
5,2012-08-31,344642.01,338967.3731,5674.636893,5674.636893
5,2012-09-07,350648.91,297071.7593,53577.15066,53577.15066
5,2012-09-14,299800.67,278931.4523,20869.21766,20869.21766
5,2012-09-21,307306.76,280852.336,26454.42401,26454.42401
5,2012-09-28,310141.68,313511.0518,-3369.371788,3369.371788
5,2012-10-05,343048.29,276806.1296,66242.16044,66242.16044
5,2012-10-12,325345.41,288488.7651,36856.64486,36856.64486
5,2012-10-19,313358.15,318062.0953,-4703.945276,4703.945276
5,2012-10-26,319550.77,348288.6435,-28737.87354,28737.87354
6,2012-04-13,1616394.45,1605613.579,10780.87127,10780.87127
6,2012-04-20,1456073.24,1564938.631,-108865.3914,108865.3914
6,2012-04-27,1456221.1,1534537.115,-78316.01541,78316.01541
6,2012-05-04,1543461.12,1654629.563,-111168.4433,111168.4433
6,2012-05-11,1517075.67,1605404.764,-88329.09355,88329.09355
6,2012-05-18,1513635.64,1561790.275,-48154.63476,48154.63476
6,2012-05-25,1603793.42,1540133.238,63660.18168,63660.18168
6,2012-06-01,1681121.38,1671245.063,9876.316587,9876.316587
6,2012-06-08,1696619.52,1634548.868,62070.65204,62070.65204
6,2012-06-15,1642247.48,1602781.004,39466.47566,39466.47566
6,2012-06-22,1618272.25,1567876.096,50396.15396,50396.15396
6,2012-06-29,1648863.46,1550615.001,98248.45888,98248.45888
6,2012-07-06,1876359.39,1612677.513,263681.8774,263681.8774
6,2012-07-13,1588142.26,1582273.763,5868.497134,5868.497134
6,2012-07-20,1574361.97,1563598.896,10763.07406,10763.07406
6,2012-07-27,1513229.16,1554783.052,-41553.89208,41553.89208
6,2012-08-03,1627274.93,1628784.426,-1509.495852,1509.495852
6,2012-08-10,1588380.73,1617526.302,-29145.5722,29145.5722
6,2012-08-17,1543049.52,1612889.086,-69839.56649,69839.56649
6,2012-08-24,1501095.49,1593258.617,-92163.12694,92163.12694
6,2012-08-31,1577439.81,1605663.428,-28223.61821,28223.61821
6,2012-09-07,1608077.01,1565281.562,42795.44754,42795.44754
6,2012-09-14,1375166.86,1546566.283,-171399.4227,171399.4227
6,2012-09-21,1425603.65,1548407.347,-122803.6973,122803.6973
6,2012-09-28,1369131.46,1580577.117,-211445.6568,211445.6568
6,2012-10-05,1518177.71,1552483.655,-34305.94478,34305.94478
6,2012-10-12,1459396.84,1563139.018,-103742.1781,103742.1781
6,2012-10-19,1436883.99,1595555.593,-158671.6027,158671.6027
6,2012-10-26,1431426.34,1626062.053,-194635.7127,194635.7127
7,2012-04-13,517420.23,584950.5377,-67530.30771,67530.30771
7,2012-04-20,457340.06,544572.9375,-87232.87747,87232.87747
7,2012-04-27,467827.75,533435.362,-65607.61203,65607.61203
7,2012-05-04,465198.89,626290.8186,-161091.9286,161091.9286
7,2012-05-11,460397.41,593831.3385,-133433.9285,133433.9285
7,2012-05-18,468428.3,556655.981,-88227.68099,88227.68099
7,2012-05-25,532739.77,520592.5584,12147.21156,12147.21156
7,2012-06-01,598495.02,657379.5256,-58884.50561,58884.50561
7,2012-06-08,642963.75,637895.3808,5068.369246,5068.369246
7,2012-06-15,666942.02,594765.1583,72176.8617,72176.8617
7,2012-06-22,687344.68,571176.6769,116168.0031,116168.0031
7,2012-06-29,704335.41,551785.0525,152550.3575,152550.3575
7,2012-07-06,805642.61,610313.6142,195328.9958,195328.9958
7,2012-07-13,694150.89,584776.7837,109374.1063,109374.1063
7,2012-07-20,686345.69,560768.275,125577.415,125577.415
7,2012-07-27,686365.4,546985.655,139379.745,139379.745
7,2012-08-03,680954.81,611537.3844,69417.42559,69417.42559
7,2012-08-10,675926.3,605141.1043,70785.19572,70785.19572
7,2012-08-17,642450.4,590986.1407,51464.25927,51464.25927
7,2012-08-24,609099.37,587898.2128,21201.15715,21201.15715
7,2012-08-31,586467.16,592134.4397,-5667.279668,5667.279668
7,2012-09-07,597876.55,539281.3821,58595.16789,58595.16789
7,2012-09-14,541120.2,532081.9293,9038.270709,9038.270709
7,2012-09-21,530842.25,542042.6077,-11200.35766,11200.35766
7,2012-09-28,525545.76,556833.7217,-31287.96168,31287.96168
7,2012-10-05,505830.56,537944.3945,-32113.83453,32113.83453
7,2012-10-12,503463.93,545390.6397,-41926.70973,41926.70973
7,2012-10-19,516424.83,572405.057,-55980.227,55980.227
7,2012-10-26,495543.28,596497.8576,-100954.5776,100954.5776
8,2012-04-13,909989.45,935516.3925,-25526.94254,25526.94254
8,2012-04-20,872288.46,897108.3359,-24819.87594,24819.87594
8,2012-04-27,879448.25,875089.0856,4359.164366,4359.164366
8,2012-05-04,937232.09,989718.0742,-52485.9842,52485.9842
8,2012-05-11,920128.89,931885.9949,-11757.10493,11757.10493
8,2012-05-18,913922.01,891196.2987,22725.71135,22725.71135
8,2012-05-25,895157.44,878101.8544,17055.58559,17055.58559
8,2012-06-01,921161.2,1009809.057,-88647.85716,88647.85716
8,2012-06-08,928820,964190.6495,-35370.64945,35370.64945
8,2012-06-15,916918.7,935132.7637,-18214.06368,18214.06368
8,2012-06-22,899449.65,905855.7004,-6406.050417,6406.050417
8,2012-06-29,878298.22,887461.086,-9162.865965,9162.865965
8,2012-07-06,936205.5,951114.5122,-14909.01215,14909.01215
8,2012-07-13,890488.01,920503.1616,-30015.15162,30015.15162
8,2012-07-20,888834.07,902220.9306,-13386.86063,13386.86063
8,2012-07-27,838227.52,888156.0747,-49928.55466,49928.55466
8,2012-08-03,897076.73,965564.7051,-68487.97512,68487.97512
8,2012-08-10,930745.69,952567.4501,-21821.76006,21821.76006
8,2012-08-17,896613.19,941436.4491,-44823.25912,44823.25912
8,2012-08-24,936373.65,924100.7697,12272.88026,12272.88026
8,2012-08-31,976137.73,930079.5034,46058.22665,46058.22665
8,2012-09-07,932160.37,895717.6386,36442.73142,36442.73142
8,2012-09-14,883569.38,868961.2706,14608.10935,14608.10935
8,2012-09-21,857796.45,882334.55,-24538.09997,24538.09997
8,2012-09-28,884724.41,908336.399,-23611.98898,23611.98898
8,2012-10-05,976436.02,871194.9362,105241.0838,105241.0838
8,2012-10-12,927511.99,879773.6524,47738.3376,47738.3376
8,2012-10-19,900309.75,920180.6674,-19870.91738,19870.91738
8,2012-10-26,891671.44,948727.5901,-57056.15012,57056.15012
9,2012-04-13,578539.86,574226.4216,4313.43843,4313.43843
9,2012-04-20,542819.03,536787.9402,6031.089803,6031.089803
9,2012-04-27,550414.99,511065.6019,39349.38815,39349.38815
9,2012-05-04,586289.08,630626.2389,-44337.15886,44337.15886
9,2012-05-11,592572.3,574861.9184,17710.38165,17710.38165
9,2012-05-18,571463.93,532836.8073,38627.12274,38627.12274
9,2012-05-25,547226,515908.7363,31317.26374,31317.26374
9,2012-06-01,583648.59,644105.3074,-60456.7174,60456.7174
9,2012-06-08,582525.42,604256.9956,-21731.57557,21731.57557
9,2012-06-15,564606.1,576146.2455,-11540.14549,11540.14549
9,2012-06-22,562173.12,540689.9772,21483.14278,21483.14278
9,2012-06-29,544770.7,523394.316,21376.38404,21376.38404
9,2012-07-06,578790.36,586647.0141,-7856.654124,7856.654124
9,2012-07-13,536537.64,558232.7996,-21695.15963,21695.15963
9,2012-07-20,513991.57,538917.4864,-24925.91636,24925.91636
9,2012-07-27,495951,527544.7582,-31593.75823,31593.75823
9,2012-08-03,533887.54,605965.9424,-72078.40241,72078.40241
9,2012-08-10,538713.47,592430.8629,-53717.39293,53717.39293
9,2012-08-17,535153.47,581817.5691,-46664.09909,46664.09909
9,2012-08-24,572887.78,562265.2129,10622.56709,10622.56709
9,2012-08-31,576879.15,570936.7954,5942.354603,5942.354603
9,2012-09-07,565812.29,540193.6996,25618.59036,25618.59036
9,2012-09-14,523427.35,511888.1748,11539.17524,11539.17524
9,2012-09-21,533756.88,517984.4955,15772.38447,15772.38447
9,2012-09-28,516361.06,549887.5897,-33526.52973,33526.52973
9,2012-10-05,606755.3,514063.1274,92692.17264,92692.17264
9,2012-10-12,558464.8,522341.5811,36123.21892,36123.21892
9,2012-10-19,542009.46,562662.6328,-20653.17282,20653.17282
9,2012-10-26,549731.49,590692.7598,-40961.26984,40961.26984
10,2012-04-13,1974687.51,1953388.725,21298.78494,21298.78494
10,2012-04-20,1777166.53,1912760.868,-135594.3377,135594.3377
10,2012-04-27,1712987.56,1902469.588,-189482.0279,189482.0279
10,2012-05-04,1821364.42,2002301.866,-180937.446,180937.446
10,2012-05-11,1792345.3,1961246.815,-168901.5155,168901.5155
10,2012-05-18,1795152.73,1941422.429,-146269.699,146269.699
10,2012-05-25,1830939.1,1904009.048,-73069.94776,73069.94776
10,2012-06-01,1767471.48,2017471.146,-249999.6657,249999.6657
10,2012-06-08,1840491.41,1994809.129,-154317.7194,154317.7194
10,2012-06-15,1811562.88,1962691.789,-151128.909,151128.909
10,2012-06-22,1755334.18,1932135.146,-176800.9658,176800.9658
10,2012-06-29,1707481.9,1904253.683,-196771.7834,196771.7834
10,2012-07-06,1805999.79,1961331.891,-155332.1012,155332.1012
10,2012-07-13,1765571.91,1942444.482,-176872.5717,176872.5717
10,2012-07-20,1869967.03,1909664.306,-39697.27577,39697.27577
10,2012-07-27,1817603.66,1890767.373,-73163.71251,73163.71251
10,2012-08-03,1939440.09,1962847.133,-23407.0425,23407.0425
10,2012-08-10,1880436.94,1965602.548,-85165.60834,85165.60834
10,2012-08-17,1827797.4,1955298.974,-127501.5735,127501.5735
10,2012-08-24,1764984.15,1939728.067,-174743.9166,174743.9166
10,2012-08-31,1650285.54,1951499.882,-301214.3418,301214.3418
10,2012-09-07,1708283.28,1896072.184,-187788.9042,187788.9042
10,2012-09-14,1640168.99,1888238.064,-248069.074,248069.074
10,2012-09-21,1671857.57,1908293.318,-236435.7483,236435.7483
10,2012-09-28,1694862.41,1925550.793,-230688.3833,230688.3833
10,2012-10-05,1758971.38,1901788.277,-142816.897,142816.897
10,2012-10-12,1713889.11,1912197.617,-198308.5069,198308.5069
10,2012-10-19,1734834.82,1928302.481,-193467.6605,193467.6605
10,2012-10-26,1744349.05,1948541.147,-204192.0967,204192.0967
11,2012-04-13,1472752.01,1386814.115,85937.89549,85937.89549
11,2012-04-20,1315356.99,1350193.148,-34836.15843,34836.15843
11,2012-04-27,1236238.29,1316718.187,-80479.89723,80479.89723
11,2012-05-04,1370251.22,1435761.294,-65510.07358,65510.07358
11,2012-05-11,1300147.07,1388824.768,-88677.69824,88677.69824
11,2012-05-18,1352442.31,1344259.223,8183.086835,8183.086835
11,2012-05-25,1297335.87,1318159.03,-20823.16028,20823.16028
11,2012-06-01,1361595.33,1452084.323,-90488.99343,90488.99343
11,2012-06-08,1414343.53,1416069.829,-1726.2987,1726.2987
11,2012-06-15,1417875.42,1387033.556,30841.86418,30841.86418
11,2012-06-22,1355680.3,1350392.008,5288.291506,5288.291506
11,2012-06-29,1297028.6,1329800.832,-32772.23248,32772.23248
11,2012-07-06,1461129.94,1393596.146,67533.79384,67533.79384
11,2012-07-13,1320239.51,1366860.543,-46621.033,46621.033
11,2012-07-20,1344483.81,1345283.635,-799.824986,799.824986
11,2012-07-27,1272395.02,1333910.278,-61515.2575,61515.2575
11,2012-08-03,1399341.07,1407356.708,-8015.637626,8015.637626
11,2012-08-10,1388973.65,1395629.773,-6656.123061,6656.123061
11,2012-08-17,1421307.2,1393219.41,28087.78998,28087.78998
11,2012-08-24,1409515.73,1382084.929,27430.80148,27430.80148
11,2012-08-31,1372872.35,1391853.161,-18980.81146,18980.81146
11,2012-09-07,1304584.4,1342719.342,-38134.94242,38134.94242
11,2012-09-14,1267675.05,1333404.405,-65729.35451,65729.35451
11,2012-09-21,1326132.98,1334460.498,-8327.517617,8327.517617
11,2012-09-28,1227430.73,1360225.181,-132794.4506,132794.4506
11,2012-10-05,1422794.26,1335885.933,86908.3271,86908.3271
11,2012-10-12,1311965.09,1350816.583,-38851.49293,38851.49293
11,2012-10-19,1232073.18,1382330.422,-150257.2422,150257.2422
11,2012-10-26,1200729.45,1408164.187,-207434.7371,207434.7371
12,2012-04-13,1083811.19,1068519.176,15292.01447,15292.01447
12,2012-04-20,1006486.96,1038526.208,-32039.24806,32039.24806
12,2012-04-27,1004252.38,1025871.083,-21618.70349,21618.70349
12,2012-05-04,1073433.69,1128130.21,-54696.5199,54696.5199
12,2012-05-11,1041995.22,1091967.165,-49971.9455,49971.9455
12,2012-05-18,1020486.05,1068166.394,-47680.34391,47680.34391
12,2012-05-25,991514.21,1027211.15,-35696.94008,35696.94008
12,2012-06-01,981345.2,1141322.465,-159977.2654,159977.2654
12,2012-06-08,1086231.47,1118466.652,-32235.18204,32235.18204
12,2012-06-15,1019555.51,1085057.331,-65501.82098,65501.82098
12,2012-06-22,981386.25,1063824.481,-82438.23124,82438.23124
12,2012-06-29,943124.74,1030387.502,-87262.76218,87262.76218
12,2012-07-06,1014898.78,1119602.436,-104703.6565,104703.6565
12,2012-07-13,960312.75,1108438.222,-148125.4721,148125.4721
12,2012-07-20,941550.34,1065363.642,-123813.3017,123813.3017
12,2012-07-27,916967.92,1064685.261,-147717.3408,147717.3408
12,2012-08-03,958667.23,1123519.79,-164852.5601,164852.5601
12,2012-08-10,984689.9,1130132.044,-145442.1441,145442.1441
12,2012-08-17,1005003.12,1121787.973,-116784.8532,116784.8532
12,2012-08-24,1048101.39,1099283.437,-51182.04693,51182.04693
12,2012-08-31,1061943.49,1110868.587,-48925.09662,48925.09662
12,2012-09-07,955146.04,1061290.736,-106144.6963,106144.6963
12,2012-09-14,885892.37,1052720.469,-166828.0989,166828.0989
12,2012-09-21,922735.37,1064015.813,-141280.4428,141280.4428
12,2012-09-28,880415.67,1076234.563,-195818.8933,195818.8933
12,2012-10-05,979825.92,1082980.586,-103154.666,103154.666
12,2012-10-12,934917.47,1082447.93,-147530.4596,147530.4596
12,2012-10-19,960945.43,1099069.585,-138124.1555,138124.1555
12,2012-10-26,974697.6,1118231.601,-143534.0011,143534.0011
13,2012-04-13,2057637.86,2022367.76,35270.10017,35270.10017
13,2012-04-20,1955689.12,1983920.285,-28231.16465,28231.16465
13,2012-04-27,1970121.65,1978350.312,-8228.662233,8228.662233
13,2012-05-04,1995994.51,2062448.336,-66453.82571,66453.82571
13,2012-05-11,2080764.17,2028080.515,52683.6554,52683.6554
13,2012-05-18,2131900.55,2007363.732,124536.8181,124536.8181
13,2012-05-25,2043349.41,1962016.594,81332.81621,81332.81621
13,2012-06-01,2035431.39,2085707.706,-50276.31551,50276.31551
13,2012-06-08,2182437.9,2063950.04,118487.8604,118487.8604
13,2012-06-15,2152229.11,2022966.695,129262.4149,129262.4149
13,2012-06-22,2094373,2004336.922,90036.07766,90036.07766
13,2012-06-29,2037663.71,1992905.066,44758.64361,44758.64361
13,2012-07-06,2184980.35,2052936.791,132043.5591,132043.5591
13,2012-07-13,2002750.99,2037395.791,-34644.80118,34644.80118
13,2012-07-20,2053089.32,1998855.115,54234.20492,54234.20492
13,2012-07-27,1914430.53,1991314.098,-76883.56784,76883.56784
13,2012-08-03,2044148.23,2064976.102,-20827.87214,20827.87214
13,2012-08-10,2041019.92,2054297.361,-13277.44082,13277.44082
13,2012-08-17,2095769.18,2043385.314,52383.86639,52383.86639
13,2012-08-24,2059458.25,2037086.365,22371.88496,22371.88496
13,2012-08-31,2073855.42,2042962.076,30893.344,30893.344
13,2012-09-07,2165796.31,1977702.604,188093.7061,188093.7061
13,2012-09-14,1919917.03,1975077.829,-55160.79853,55160.79853
13,2012-09-21,1938379.66,1986481.617,-48101.95721,48101.95721
13,2012-09-28,1927664.11,1995537.372,-67873.26236,67873.26236
13,2012-10-05,2041918.74,1964645.23,77273.51031,77273.51031
13,2012-10-12,1999079.44,1971374.896,27704.54379,27704.54379
13,2012-10-19,2018010.15,1988080.291,29929.85906,29929.85906
13,2012-10-26,2035189.66,2002020.126,33169.53442,33169.53442
14,2012-04-13,1912909.69,2063874.068,-150964.378,150964.378
14,2012-04-20,1875686.44,2053237.549,-177551.1088,177551.1088
14,2012-04-27,1784029.95,1995260.888,-211230.9382,211230.9382
14,2012-05-04,1949354.29,2106405.05,-157050.7599,157050.7599
14,2012-05-11,1987531.05,2080929.444,-93398.39448,93398.39448
14,2012-05-18,1932233.17,2052872.26,-120639.0896,120639.0896
14,2012-05-25,2030869.61,2016032.412,14837.19829,14837.19829
14,2012-06-01,2049485.49,2158695.856,-109210.366,109210.366
14,2012-06-08,2099615.88,2099880.035,-264.1548711,264.1548711
14,2012-06-15,1905733.68,2081116.085,-175382.4051,175382.4051
14,2012-06-22,1660228.88,2053041.118,-392812.2378,392812.2378
14,2012-06-29,1591835.02,2024642.659,-432807.6394,432807.6394
14,2012-07-06,1862128.95,2091362.181,-229233.2309,229233.2309
14,2012-07-13,1544422.35,2060164.883,-515742.5327,515742.5327
14,2012-07-20,1553250.16,2036299.996,-483049.8357,483049.8357
14,2012-07-27,1479514.66,2014718.501,-535203.8407,535203.8407
14,2012-08-03,1656886.46,2083501.939,-426615.4787,426615.4787
14,2012-08-10,1648570.03,2077732.572,-429162.5419,429162.5419
14,2012-08-17,1660433.3,2065597.63,-405164.3301,405164.3301
14,2012-08-24,1621841.33,2057504.862,-435663.5318,435663.5318
14,2012-08-31,1613342.19,2065289.633,-451947.4432,451947.4432
14,2012-09-07,1904512.34,2020208.787,-115696.4472,115696.4472
14,2012-09-14,1554794.22,2005799.212,-451004.9921,451004.9921
14,2012-09-21,1565352.46,2013830.833,-448478.3728,448478.3728
14,2012-09-28,1522512.2,2029638.936,-507126.7357,507126.7357
14,2012-10-05,1687592.16,1999511.962,-311919.8016,311919.8016
14,2012-10-12,1639585.61,1999046.152,-359460.5419,359460.5419
14,2012-10-19,1590274.72,2026351.868,-436077.1478,436077.1478
14,2012-10-26,1704357.62,2055973.417,-351615.7972,351615.7972
15,2012-04-13,558585.13,569856.2507,-11271.12069,11271.12069
15,2012-04-20,534780.57,558472.0612,-23691.4912,23691.4912
15,2012-04-27,527402.62,494093.317,33309.30298,33309.30298
15,2012-05-04,577868.38,621295.9212,-43427.5412,43427.5412
15,2012-05-11,579539.95,589716.5094,-10176.55938,10176.55938
15,2012-05-18,600050.98,560666.4437,39384.53627,39384.53627
15,2012-05-25,693780.42,541507.636,152272.784,152272.784
15,2012-06-01,663971.26,667728.6823,-3757.422284,3757.422284
15,2012-06-08,611390.67,613020.925,-1630.254999,1630.254999
15,2012-06-15,636737.65,595803.9563,40933.69372,40933.69372
15,2012-06-22,687085.6,576964.2118,110121.3882,110121.3882
15,2012-06-29,624099.48,534838.0112,89261.46876,89261.46876
15,2012-07-06,678024.75,600996.727,77028.02303,77028.02303
15,2012-07-13,591335.5,571947.8979,19387.60208,19387.60208
15,2012-07-20,592369.22,556004.9596,36364.2604,36364.2604
15,2012-07-27,571190.83,534823.2138,36367.61623,36367.61623
15,2012-08-03,590739.62,603093.2446,-12353.62462,12353.62462
15,2012-08-10,590453.63,594540.7368,-4087.106822,4087.106822
15,2012-08-17,579738.2,580591.0017,-852.8016832,852.8016832
15,2012-08-24,606210.77,571875.4599,34335.31014,34335.31014
15,2012-08-31,610185.32,583761.9627,26423.35726,26423.35726
15,2012-09-07,587259.82,537628.4814,49631.33863,49631.33863
15,2012-09-14,527509.76,526620.1492,889.6108317,889.6108317
15,2012-09-21,533161.64,528649.4203,4512.219735,4512.219735
15,2012-09-28,553901.97,538004.581,15897.38895,15897.38895
15,2012-10-05,573498.64,522184.4592,51314.18084,51314.18084
15,2012-10-12,551799.63,521146.6065,30653.02355,30653.02355
15,2012-10-19,555652.77,551697.9022,3954.867789,3954.867789
15,2012-10-26,558473.6,581769.0437,-23295.44369,23295.44369
16,2012-04-13,450756.71,520152.9409,-69396.23087,69396.23087
16,2012-04-20,436221.26,479581.5435,-43360.28354,43360.28354
16,2012-04-27,398445.15,476820.3091,-78375.15915,78375.15915
16,2012-05-04,426959.62,564852.3714,-137892.7514,137892.7514
16,2012-05-11,479855,530390.3213,-50535.32131,50535.32131
16,2012-05-18,493506.47,498167.5562,-4661.086208,4661.086208
16,2012-05-25,518045.09,460876.7521,57168.33794,57168.33794
16,2012-06-01,532311.93,591526.8113,-59214.88126,59214.88126
16,2012-06-08,603618.89,568705.0498,34913.84021,34913.84021
16,2012-06-15,570045.79,533477.4422,36568.34785,36568.34785
16,2012-06-22,581745.72,511374.7385,70370.98149,70370.98149
16,2012-06-29,570162.28,495751.3909,74410.88907,74410.88907
16,2012-07-06,641763.53,542852.624,98910.90596,98910.90596
16,2012-07-13,569005.06,517875.6518,51129.40823,51129.40823
16,2012-07-20,565297.54,492747.4266,72550.11343,72550.11343
16,2012-07-27,539337.87,476466.9774,62870.89261,62870.89261
16,2012-08-03,584000.71,546100.4972,37900.21278,37900.21278
16,2012-08-10,554036.84,539854.9482,14181.89183,14181.89183
16,2012-08-17,521896.6,516182.394,5714.205985,5714.205985
16,2012-08-24,551152.15,512577.6739,38574.47612,38574.47612
16,2012-08-31,551837.31,520173.0503,31664.25967,31664.25967
16,2012-09-07,537138.58,464133.1072,73005.47277,73005.47277
16,2012-09-14,526525.16,458613.2292,67911.93078,67911.93078
16,2012-09-21,509942.56,472191.4533,37751.10666,37751.10666
16,2012-09-28,469607.73,478477.0282,-8869.298246,8869.298246
16,2012-10-05,471281.68,457069.401,14212.27895,14212.27895
16,2012-10-12,491817.19,464084.986,27732.20397,27732.20397
16,2012-10-19,577198.97,481947.8739,95251.09612,95251.09612
16,2012-10-26,475770.14,507935.5794,-32165.43937,32165.43937
17,2012-04-13,877055.32,864895.0907,12160.2293,12160.2293
17,2012-04-20,1119979.98,831206.4108,288773.5692,288773.5692
17,2012-04-27,925916.65,818875.0731,107041.5769,107041.5769
17,2012-05-04,930121.14,903274.5588,26846.58125,26846.58125
17,2012-05-11,944100.3,866839.5686,77260.73136,77260.73136
17,2012-05-18,968816.33,848297.62,120518.71,120518.71
17,2012-05-25,984881.59,800366.5206,184515.0694,184515.0694
17,2012-06-01,938914.28,923454.7081,15459.57193,15459.57193
17,2012-06-08,987990.24,899737.5382,88252.70178,88252.70178
17,2012-06-15,964169.67,855718.0392,108451.6308,108451.6308
17,2012-06-22,981210.57,835602.4888,145608.0812,145608.0812
17,2012-06-29,982322.24,822297.2609,160024.9791,160024.9791
17,2012-07-06,1046782.52,888640.7407,158141.7793,158141.7793
17,2012-07-13,960746.04,872195.3545,88550.68546,88550.68546
17,2012-07-20,944698.7,845799.2963,98899.40368,98899.40368
17,2012-07-27,907493.24,835846.5819,71646.65809,71646.65809
17,2012-08-03,877813.33,903414.7443,-25601.41426,25601.41426
17,2012-08-10,849074.04,894135.6486,-45061.60862,45061.60862
17,2012-08-17,844928.17,883180.5354,-38252.36539,38252.36539
17,2012-08-24,924299.78,876752.3888,47547.39124,47547.39124
17,2012-08-31,865924.2,876964.918,-11040.71798,11040.71798
17,2012-09-07,1255633.29,816981.0334,438652.2566,438652.2566
17,2012-09-14,1071040.22,813817.9328,257222.2872,257222.2872
17,2012-09-21,938303.28,823886.6748,114416.6052,114416.6052
17,2012-09-28,972716.24,838325.6826,134390.5574,134390.5574
17,2012-10-05,952609.17,817017.2066,135591.9634,135591.9634
17,2012-10-12,919878.34,820947.5818,98930.75819,98930.75819
17,2012-10-19,957356.84,851391.0372,105965.8028,105965.8028
17,2012-10-26,943465.29,858591.0396,84874.25044,84874.25044
18,2012-04-13,998443.5,1080470.293,-82026.79331,82026.79331
18,2012-04-20,1025813.8,1073749.986,-47936.18591,47936.18591
18,2012-04-27,961186.23,1014659.593,-53473.36314,53473.36314
18,2012-05-04,1050027.89,1119806.81,-69778.92047,69778.92047
18,2012-05-11,1060433.1,1098091.107,-37658.00689,37658.00689
18,2012-05-18,1047444.59,1069618.45,-22173.85983,22173.85983
18,2012-05-25,1088446.58,1037625.17,50821.40985,50821.40985
18,2012-06-01,1118313.7,1177402.44,-59088.74009,59088.74009
18,2012-06-08,1110479.94,1113958.663,-3478.722512,3478.722512
18,2012-06-15,1057425.83,1094850.772,-37424.94156,37424.94156
18,2012-06-22,1080357.89,1071179.655,9178.23469,9178.23469
18,2012-06-29,1097006.3,1038999.312,58006.98764,58006.98764
18,2012-07-06,1158247.31,1095782.134,62465.17556,62465.17556
18,2012-07-13,1024784.92,1068967.16,-44182.24029,44182.24029
18,2012-07-20,1033543.56,1052265.78,-18722.22016,18722.22016
18,2012-07-27,924506.26,1024514.073,-100007.8129,100007.8129
18,2012-08-03,1052066.58,1093797.751,-41731.17075,41731.17075
18,2012-08-10,967304.07,1089893.974,-122589.904,122589.904
18,2012-08-17,1048134.24,1078661.393,-30527.15286,30527.15286
18,2012-08-24,1145840.91,1066888.164,78952.74644,78952.74644
18,2012-08-31,1117097.23,1072609.85,44487.38046,44487.38046
18,2012-09-07,1083521.24,1029867.421,53653.81855,53653.81855
18,2012-09-14,960476.1,1016166.653,-55690.55317,55690.55317
18,2012-09-21,971386.65,1020128.323,-48741.67305,48741.67305
18,2012-09-28,1002856.2,1032104.927,-29248.72691,29248.72691
18,2012-10-05,1092204.79,1018851.634,73353.15577,73353.15577
18,2012-10-12,1074079,1021586.851,52492.14919,52492.14919
18,2012-10-19,1048706.75,1046148.779,2557.971291,2557.971291
18,2012-10-26,1127516.25,1078955.41,48560.83974,48560.83974
19,2012-04-13,1365098.46,1398015.673,-32917.21294,32917.21294
19,2012-04-20,1255087.26,1386265.422,-131178.1623,131178.1623
19,2012-04-27,1285897.24,1322209.673,-36312.43324,36312.43324
19,2012-05-04,1405007.44,1446914.448,-41907.00822,41907.00822
19,2012-05-11,1442873.22,1418306.592,24566.62816,24566.62816
19,2012-05-18,1366937.1,1386823.296,-19886.19601,19886.19601
19,2012-05-25,1485540.28,1367341.493,118198.7869,118198.7869
19,2012-06-01,1450733.29,1495177.515,-44444.22519,44444.22519
19,2012-06-08,1390122.11,1441051.149,-50929.03918,50929.03918
19,2012-06-15,1440263.15,1423080.525,17182.6249,17182.6249
19,2012-06-22,1468350.36,1406523.28,61827.0803,61827.0803
19,2012-06-29,1379652.65,1363234.297,16418.3534,16418.3534
19,2012-07-06,1557120.44,1430297.399,126823.0412,126823.0412
19,2012-07-13,1321741.35,1399353.665,-77612.3148,77612.3148
19,2012-07-20,1317672.92,1384078.25,-66405.32981,66405.32981
19,2012-07-27,1248915.43,1362185.915,-113270.4846,113270.4846
19,2012-08-03,1342123.78,1429917.62,-87793.84022,87793.84022
19,2012-08-10,1408907.89,1421752.707,-12844.81661,12844.81661
19,2012-08-17,1375101.26,1405821.935,-30720.67451,30720.67451
19,2012-08-24,1544653.37,1397407.855,147245.5152,147245.5152
19,2012-08-31,1542719.87,1410909.333,131810.5365,131810.5365
19,2012-09-07,1497073.82,1365120.38,131953.4397,131953.4397
19,2012-09-14,1370653.41,1352066.412,18586.9979,18586.9979
19,2012-09-21,1338572.29,1355473.796,-16901.50587,16901.50587
19,2012-09-28,1338299.02,1363536.976,-25237.95602,25237.95602
19,2012-10-05,1408016.1,1349030.368,58985.73223,58985.73223
19,2012-10-12,1352809.5,1345580.818,7228.6821,7228.6821
19,2012-10-19,1321102.35,1379103.669,-58001.31909,58001.31909
19,2012-10-26,1322117.96,1409583.938,-87465.97778,87465.97778
20,2012-04-13,2045396.06,2096089.573,-50693.51282,50693.51282
20,2012-04-20,1884427.84,2092197.031,-207769.1908,207769.1908
20,2012-04-27,1886503.93,2028755.131,-142251.2005,142251.2005
20,2012-05-04,2163510.89,2168090.148,-4579.257862,4579.257862
20,2012-05-11,2168097.11,2130603.267,37493.84312,37493.84312
20,2012-05-18,2039222.26,2086889.61,-47667.34959,47667.34959
20,2012-05-25,2114989,2067543.065,47445.93546,47445.93546
20,2012-06-01,2143126.59,2202333.925,-59207.33541,59207.33541
20,2012-06-08,2231962.13,2140296.651,91665.47898,91665.47898
20,2012-06-15,2165160.29,2125546.668,39613.62159,39613.62159
20,2012-06-22,2060588.69,2103349.098,-42760.40801,42760.40801
20,2012-06-29,2055952.61,2067757.499,-11804.88851,11804.88851
20,2012-07-06,2358055.3,2127413.756,230641.5436,230641.5436
20,2012-07-13,2134680.12,2100758.808,33921.31221,33921.31221
20,2012-07-20,1970170.29,2074463.363,-104293.0735,104293.0735
20,2012-07-27,1911559.1,2053465.933,-141906.8328,141906.8328
20,2012-08-03,2094515.71,2123910.086,-29394.3762,29394.3762
20,2012-08-10,2144245.39,2115171.838,29073.5524,29073.5524
20,2012-08-17,2045061.22,2096891.935,-51830.71469,51830.71469
20,2012-08-24,2005341.43,2092755.909,-87414.47918,87414.47918
20,2012-08-31,2062481.56,2104777.354,-42295.79378,42295.79378
20,2012-09-07,2080529.06,2066452.542,14076.51815,14076.51815
20,2012-09-14,2047949.98,2044217.071,3732.909329,3732.909329
20,2012-09-21,2028587.24,2049566.22,-20978.97964,20978.97964
20,2012-09-28,2008350.58,2061615.2,-53264.62018,53264.62018
20,2012-10-05,2246411.89,2034695.882,211716.0082,211716.0082
20,2012-10-12,2162951.36,2027671.658,135279.7016,135279.7016
20,2012-10-19,1999363.49,2070372.96,-71009.47003,71009.47003
20,2012-10-26,2031650.55,2103197.211,-71546.66052,71546.66052
21,2012-04-13,769319.04,812233.9423,-42914.90227,42914.90227
21,2012-04-20,734858.91,772823.4512,-37964.54123,37964.54123
21,2012-04-27,674829.58,741080.8973,-66251.31727,66251.31727
21,2012-05-04,697645.32,865818.4848,-168173.1648,168173.1648
21,2012-05-11,649945.54,820054.5084,-170108.9684,170108.9684
21,2012-05-18,700554.16,777391.2106,-76837.05064,76837.05064
21,2012-05-25,722891.24,753803.834,-30912.59395,30912.59395
21,2012-06-01,695439.83,880250.6258,-184810.7958,184810.7958
21,2012-06-08,707895.72,843820.4571,-135924.7371,135924.7371
21,2012-06-15,727049.04,813003.2636,-85954.22358,85954.22358
21,2012-06-22,735870,780609.9013,-44739.90133,44739.90133
21,2012-06-29,716341.39,763599.3871,-47257.99708,47257.99708
21,2012-07-06,693013.59,830681.1919,-137667.6019,137667.6019
21,2012-07-13,668132.36,800118.8942,-131986.5342,131986.5342
21,2012-07-20,691200.33,782386.3824,-91186.05241,91186.05241
21,2012-07-27,677789.14,772768.7191,-94979.57915,94979.57915
21,2012-08-03,693785.85,850447.139,-156661.289,156661.289
21,2012-08-10,700272.01,835975.4995,-135703.4895,135703.4895
21,2012-08-17,751963.81,821617.6087,-69653.79866,69653.79866
21,2012-08-24,802003.61,803417.4222,-1413.812198,1413.812198
21,2012-08-31,763867.59,818630.6292,-54763.03922,54763.03922
21,2012-09-07,642827.29,782693.668,-139866.378,139866.378
21,2012-09-14,628494.63,758841.1379,-130346.5079,130346.5079
21,2012-09-21,667151.46,762909.4466,-95757.9866,95757.9866
21,2012-09-28,647097.65,799007.568,-151909.918,151909.918
21,2012-10-05,651768.91,767096.1681,-115327.2581,115327.2581
21,2012-10-12,653043.44,770547.3177,-117503.8777,117503.8777
21,2012-10-19,641368.14,808862.2241,-167494.0841,167494.0841
21,2012-10-26,675202.87,837904.4728,-162701.6028,162701.6028
22,2012-04-13,939118.24,1015130.715,-76012.47506,76012.47506
22,2012-04-20,1000342.87,999366.3123,976.5577026,976.5577026
22,2012-04-27,922539.94,946886.3234,-24346.38343,24346.38343
22,2012-05-04,1005083.31,1052270.174,-47186.86357,47186.86357
22,2012-05-11,997868.63,1026678.297,-28809.66712,28809.66712
22,2012-05-18,986612.02,998892.4148,-12280.3948,12280.3948
22,2012-05-25,1047297.38,961146.7187,86150.66132,86150.66132
22,2012-06-01,1102857.37,1104559.965,-1702.594721,1702.594721
22,2012-06-08,1061134.37,1049790.888,11343.48232,11343.48232
22,2012-06-15,1061219.19,1025029.061,36190.12927,36190.12927
22,2012-06-22,1112449.3,1000719.767,111729.5328,111729.5328
22,2012-06-29,1053881.78,970958.9352,82922.84481,82922.84481
22,2012-07-06,1097786.14,1036575.686,61210.45377,61210.45377
22,2012-07-13,971361.38,1008433.478,-37072.09849,37072.09849
22,2012-07-20,991969.37,988390.6087,3578.761324,3578.761324
22,2012-07-27,925731.21,963735.7812,-38004.57118,38004.57118
22,2012-08-03,1007257.83,1032584.926,-25327.09571,25327.09571
22,2012-08-10,973812.79,1030292.251,-56479.46094,56479.46094
22,2012-08-17,981273.26,1020438.753,-39165.49325,39165.49325
22,2012-08-24,1060906.75,1009154.621,51752.12902,51752.12902
22,2012-08-31,1022270.86,1014740.947,7529.912609,7529.912609
22,2012-09-07,996628.8,971152.569,25476.23101,25476.23101
22,2012-09-14,918049.28,958566.0698,-40516.78984,40516.78984
22,2012-09-21,921612.53,965067.4777,-43454.94767,43454.94767
22,2012-09-28,976479.51,978722.4984,-2242.988362,2242.988362
22,2012-10-05,1009887.36,957930.2244,51957.13556,51957.13556
22,2012-10-12,1004039.84,962386.9246,41652.91542,41652.91542
22,2012-10-19,978027.95,987212.3435,-9184.393452,9184.393452
22,2012-10-26,1094422.69,1016109.693,78312.99683,78312.99683
23,2012-04-13,1231752.54,1377818.959,-146066.419,146066.419
23,2012-04-20,1287899.41,1374565.466,-86666.0563,86666.0563
23,2012-04-27,1277758.76,1312288.188,-34529.42799,34529.42799
23,2012-05-04,1317379.68,1421806.606,-104426.9264,104426.9264
23,2012-05-11,1321914.34,1398454.394,-76540.05406,76540.05406
23,2012-05-18,1332952.47,1371381.383,-38428.91267,38428.91267
23,2012-05-25,1552934.64,1349810.08,203124.56,203124.56
23,2012-06-01,1476144.34,1476344.549,-200.2085722,200.2085722
23,2012-06-08,1568048.54,1419188.41,148860.13,148860.13
23,2012-06-15,1543667.68,1401006.439,142661.2415,142661.2415
23,2012-06-22,1522042.57,1383256.9,138785.6699,138785.6699
23,2012-06-29,1451782.16,1336347.978,115434.1819,115434.1819
23,2012-07-06,1545370.16,1405083.142,140287.018,140287.018
23,2012-07-13,1384921.63,1376803.923,8117.706856,8117.706856
23,2012-07-20,1381339.23,1359241.223,22098.0074,22098.0074
23,2012-07-27,1322932.36,1337174.23,-14241.87011,14241.87011
23,2012-08-03,1416926.31,1411841.161,5085.149462,5085.149462
23,2012-08-10,1436311.76,1400573.094,35738.66581,35738.66581
23,2012-08-17,1510131.45,1392139.804,117991.6456,117991.6456
23,2012-08-24,1702220.96,1379053.062,323167.8985,323167.8985
23,2012-08-31,1577468.78,1389382.812,188085.9683,188085.9683
23,2012-09-07,1427162.26,1339405.292,87756.96788,87756.96788
23,2012-09-14,1279041.64,1330075.725,-51034.08496,51034.08496
23,2012-09-21,1338627.55,1333283.739,5343.810529,5343.810529
23,2012-09-28,1319035.06,1342891.712,-23856.65218,23856.65218
23,2012-10-05,1464616.59,1318253.61,146362.9799,146362.9799
23,2012-10-12,1412925.25,1321333.355,91591.89514,91591.89514
23,2012-10-19,1363155.77,1343311.322,19844.4485,19844.4485
23,2012-10-26,1347454.59,1372974.134,-25519.54353,25519.54353
24,2012-04-13,1285783.87,1275282.23,10501.64004,10501.64004
24,2012-04-20,1208654.4,1267020.327,-58365.92698,58365.92698
24,2012-04-27,1194334.65,1205031.747,-10697.09695,10697.09695
24,2012-05-04,1306551.71,1318044.097,-11492.38728,11492.38728
24,2012-05-11,1355391.79,1293721.31,61670.48003,61670.48003
24,2012-05-18,1298809.8,1264219.051,34590.74891,34590.74891
24,2012-05-25,1407897.57,1231192.985,176704.5853,176704.5853
24,2012-06-01,1467722.19,1371109.026,96613.16444,96613.16444
24,2012-06-08,1406313.13,1308649.385,97663.74547,97663.74547
24,2012-06-15,1364445.98,1291432.416,73013.56419,73013.56419
24,2012-06-22,1434709.63,1267058.688,167650.9424,167650.9424
24,2012-06-29,1428869.9,1232425.975,196443.9253,196443.9253
24,2012-07-06,1645097.75,1304642.374,340455.3762,340455.3762
24,2012-07-13,1405475.78,1276024.205,129451.575,129451.575
24,2012-07-20,1394299,1256571.386,137727.6141,137727.6141
24,2012-07-27,1307339.14,1232396.552,74942.58833,74942.58833
24,2012-08-03,1440374.13,1301549.436,138824.6941,138824.6941
24,2012-08-10,1497054.81,1296033.083,201021.7274,201021.7274
24,2012-08-17,1397970.54,1284322.781,113647.7594,113647.7594
24,2012-08-24,1303726.54,1272528.018,31198.52176,31198.52176
24,2012-08-31,1344558.92,1281421.433,63137.48732,63137.48732
24,2012-09-07,1477134.75,1238388.705,238746.0452,238746.0452
24,2012-09-14,1242909.53,1222298.582,20610.94785,20610.94785
24,2012-09-21,1261158.47,1228785.186,32373.2836,32373.2836
24,2012-09-28,1259278.36,1239906.054,19372.30596,19372.30596
24,2012-10-05,1416720.54,1225108.876,191611.6641,191611.6641
24,2012-10-12,1416301.17,1227817.767,188483.403,188483.403
24,2012-10-19,1255414.84,1252296.754,3118.086208,3118.086208
24,2012-10-26,1307182.29,1281743.438,25438.85203,25438.85203
25,2012-04-13,658691.56,688725.4487,-30033.88869,30033.88869
25,2012-04-20,661566.48,685285.0999,-23718.61994,23718.61994
25,2012-04-27,655157.32,620917.2802,34240.03981,34240.03981
25,2012-05-04,696421.72,759089.5149,-62667.79495,62667.79495
25,2012-05-11,739866.16,721602.634,18263.52603,18263.52603
25,2012-05-18,717207.19,680472.9379,36734.25207,36734.25207
25,2012-05-25,783371.02,662052.3123,121318.7077,121318.7077
25,2012-06-01,694765.95,793010.2973,-98244.34734,98244.34734
25,2012-06-08,730254.19,732265.0036,-2010.813576,2010.813576
25,2012-06-15,753860.89,718290.2093,35570.68066,35570.68066
25,2012-06-22,721601.9,696480.2331,25121.66688,25121.66688
25,2012-06-29,718890.81,658046.2763,60844.53375,60844.53375
25,2012-07-06,753385.55,719059.1138,34326.43618,34326.43618
25,2012-07-13,714093.95,690853.7884,23240.16157,23240.16157
25,2012-07-20,685676.58,670329.1909,15347.38907,15347.38907
25,2012-07-27,659109.53,649547.0903,9562.439693,9562.439693
25,2012-08-03,709724.6,717773.3437,-8048.743671,8048.743671
25,2012-08-10,710496.97,707269.3882,3227.581781,3227.581781
25,2012-08-17,728467.72,690905.9232,37561.79676,37561.79676
25,2012-08-24,756527.64,684272.0685,72255.57148,72255.57148
25,2012-08-31,714828.73,695496.7917,19331.93828,19331.93828
25,2012-09-07,671482.9,658334.7624,13148.13764,13148.13764
25,2012-09-14,657241.63,635302.5698,21939.0602,21939.0602
25,2012-09-21,664745.2,641943.6994,22801.50061,22801.50061
25,2012-09-28,683300.84,652291.5721,31009.26789,31009.26789
25,2012-10-05,699536.73,627396.3567,72140.37332,72140.37332
25,2012-10-12,697317.41,619790.7421,77526.66794,77526.66794
25,2012-10-19,685531.85,660618.6718,24913.17825,24913.17825
25,2012-10-26,688940.94,695553.1573,-6612.217261,6612.217261
26,2012-04-13,889670.29,974982.1905,-85311.90045,85311.90045
26,2012-04-20,923600.02,969941.4579,-46341.43787,46341.43787
26,2012-04-27,911969,917827.7605,-5858.760472,5858.760472
26,2012-05-04,946573.29,1017505.593,-70932.30315,70932.30315
26,2012-05-11,1062548.73,993722.7206,68826.00942,68826.00942
26,2012-05-18,978082.84,966477.4451,11605.3949,11605.3949
26,2012-05-25,1067310.74,939824.352,127486.388,127486.388
26,2012-06-01,1015853.03,1067478.537,-51625.50709,51625.50709
26,2012-06-08,1106176.83,1011011.455,95165.37512,95165.37512
26,2012-06-15,1029248.22,993906.1339,35342.0861,35342.0861
26,2012-06-22,1056282.91,972086.8565,84196.05345,84196.05345
26,2012-06-29,1051190.44,936504.298,114686.142,114686.142
26,2012-07-06,1180470.8,1006052.669,174418.1307,174418.1307
26,2012-07-13,1063149.78,980357.4117,82792.36829,82792.36829
26,2012-07-20,1049625.9,963526.8335,86099.06649,86099.06649
26,2012-07-27,1031745.14,939715.6672,92029.47281,92029.47281
26,2012-08-03,1090915.09,1012832.221,78082.86914,78082.86914
26,2012-08-10,1121476.51,1005440.096,116036.4136,116036.4136
26,2012-08-17,1068292.56,996317.7503,71974.80969,71974.80969
26,2012-08-24,1022704.2,987279.2133,35424.98668,35424.98668
26,2012-08-31,1053495.51,993087.0314,60408.47865,60408.47865
26,2012-09-07,1081874.03,942011.3282,139862.7018,139862.7018
26,2012-09-14,986131.94,935868.6466,50263.29339,50263.29339
26,2012-09-21,961084.08,938129.2087,22954.87134,22954.87134
26,2012-09-28,964726.37,950041.2135,14685.15651,14685.15651
26,2012-10-05,1095504.26,939729.6782,155774.5818,155774.5818
26,2012-10-12,1044639.69,942098.8336,102540.8564,102540.8564
26,2012-10-19,975578.02,960911.4477,14666.57225,14666.57225
26,2012-10-26,958619.8,992232.3016,-33612.50158,33612.50158
27,2012-04-13,1650405.21,1730182.676,-79777.4659,79777.4659
27,2012-04-20,1639999.47,1717635.473,-77636.00286,77636.00286
27,2012-04-27,1565498.84,1658898.147,-93399.3071,93399.3071
27,2012-05-04,1669388.45,1768637.25,-99248.79954,99248.79954
27,2012-05-11,1674306.31,1741601.072,-67294.76193,67294.76193
27,2012-05-18,1707158.82,1715950.94,-8792.120326,8792.120326
27,2012-05-25,1818906.73,1676332.67,142574.06,142574.06
27,2012-06-01,1900638.6,1821930.323,78708.27696,78708.27696
27,2012-06-08,1764756.31,1764893.898,-137.5879665,137.5879665
27,2012-06-15,1773500.56,1741484.668,32015.89202,32015.89202
27,2012-06-22,1837884.79,1716451.23,121433.5605,121433.5605
27,2012-06-29,1842555.32,1687403.38,155151.9399,155151.9399
27,2012-07-06,2062224.92,1761702.393,300522.5272,300522.5272
27,2012-07-13,1755889.53,1730249.68,25639.85036,25639.85036
27,2012-07-20,1730913.66,1707907.564,23006.09584,23006.09584
27,2012-07-27,1625883.71,1684159.516,-58275.80632,58275.80632
27,2012-08-03,1705810.84,1752447.207,-46636.3671,46636.3671
27,2012-08-10,1720537.26,1749037.215,-28499.95503,28499.95503
27,2012-08-17,1735339.59,1738921.326,-3581.736489,3581.736489
27,2012-08-24,1780443.36,1729618.231,50825.12882,50825.12882
27,2012-08-31,1731935.43,1736395.249,-4459.81908,4459.81908
27,2012-09-07,1840955.23,1691999.779,148955.4513,148955.4513
27,2012-09-14,1519604.5,1678595.835,-158991.3349,158991.3349
27,2012-09-21,1557485.75,1685964.135,-128478.3853,128478.3853
27,2012-09-28,1540687.63,1699689.339,-159001.7092,159001.7092
27,2012-10-05,1591816.88,1679685.992,-87869.11173,87869.11173
27,2012-10-12,1660081.29,1681553.938,-21472.64815,21472.64815
27,2012-10-19,1620374.24,1706447.147,-86072.90703,86072.90703
27,2012-10-26,1703047.74,1735688.227,-32640.48716,32640.48716
28,2012-04-13,1290684.95,1397841.245,-107156.2953,107156.2953
28,2012-04-20,1180797.2,1367848.278,-187051.0778,187051.0778
28,2012-04-27,1170456.16,1355193.153,-184736.9932,184736.9932
28,2012-05-04,1450628.85,1457452.28,-6823.429623,6823.429623
28,2012-05-11,1264575.18,1421289.235,-156714.0552,156714.0552
28,2012-05-18,1213310.45,1397488.464,-184178.0136,184178.0136
28,2012-05-25,1151214.41,1356533.22,-205318.8098,205318.8098
28,2012-06-01,1245480.95,1470644.535,-225163.5851,225163.5851
28,2012-06-08,1440687.69,1447788.722,-7101.03176,7101.03176
28,2012-06-15,1229760.97,1414379.401,-184618.4307,184618.4307
28,2012-06-22,1180671.55,1393146.551,-212475.001,212475.001
28,2012-06-29,1129031.98,1359709.572,-230677.5919,230677.5919
28,2012-07-06,1500863.54,1448924.506,51939.03379,51939.03379
28,2012-07-13,1179915.04,1437760.292,-257845.2518,257845.2518
28,2012-07-20,1149427.48,1394685.711,-245258.2314,245258.2314
28,2012-07-27,1135035.09,1394007.331,-258972.2405,258972.2405
28,2012-08-03,1376520.1,1452841.86,-76321.75978,76321.75978
28,2012-08-10,1269113.41,1459454.114,-190340.7038,190340.7038
28,2012-08-17,1184198.41,1451110.043,-266911.6329,266911.6329
28,2012-08-24,1199309.59,1428605.507,-229295.9166,229295.9166
28,2012-08-31,1227118.75,1440190.656,-213071.9063,213071.9063
28,2012-09-07,1469693.99,1390612.806,79081.184,79081.184
28,2012-09-14,1124660.77,1382042.539,-257381.7686,257381.7686
28,2012-09-21,1135340.19,1393337.883,-257997.6925,257997.6925
28,2012-09-28,1129508.61,1405556.633,-276048.0231,276048.0231
28,2012-10-05,1462941.03,1412302.656,50638.37425,50638.37425
28,2012-10-12,1205536.71,1411769.999,-206233.2893,206233.2893
28,2012-10-19,1143724.48,1428391.655,-284667.1752,284667.1752
28,2012-10-26,1213860.61,1447553.671,-233693.0608,233693.0608
29,2012-04-13,520493.83,539755.1985,-19261.36854,19261.36854
29,2012-04-20,525200.59,523969.4938,1231.096244,1231.096244
29,2012-04-27,497250.22,471468.2022,25782.01782,25782.01782
29,2012-05-04,504963.84,576830.7496,-71866.90961,71866.90961
29,2012-05-11,529707.87,551217.5711,-21509.70114,21509.70114
29,2012-05-18,543706.04,523412.4374,20293.6026,20293.6026
29,2012-05-25,549665.67,485648.3109,64017.35907,64017.35907
29,2012-06-01,576252.35,629043.1266,-52790.77662,52790.77662
29,2012-06-08,554093.15,574255.6192,-20162.46923,20162.46923
29,2012-06-15,552338.76,549484.5465,2854.213456,2854.213456
29,2012-06-22,581854.5,525188.973,56665.52701,56665.52701
29,2012-06-29,555954.13,495441.8602,60512.26978,60512.26978
29,2012-07-06,578832.41,550826.3942,28006.0158,28006.0158
29,2012-07-13,514709.76,522697.9064,-7988.146419,7988.146419
29,2012-07-20,506705.36,502594.3106,4111.049358,4111.049358
29,2012-07-27,475158.24,477878.7579,-2720.517879,2720.517879
29,2012-08-03,504754.74,546667.1765,-41912.43646,41912.43646
29,2012-08-10,518628.42,544313.7764,-25685.35642,25685.35642
29,2012-08-17,416881.66,534437.775,-117556.115,117556.115
29,2012-08-24,615026.15,523159.8049,91866.34509,91866.34509
29,2012-08-31,545844.91,528752.2928,17092.61717,17092.61717
29,2012-09-07,540811.85,485170.0773,55641.77267,55641.77267
29,2012-09-14,475127.18,472589.0256,2538.154398,2538.154398
29,2012-09-21,489079.23,479091.5907,9987.639296,9987.639296
29,2012-09-28,489674.23,492747.7694,-3073.539375,3073.539375
29,2012-10-05,520632.8,474973.2233,45659.5767,45659.5767
29,2012-10-12,513737,479431.0807,34305.91928,34305.91928
29,2012-10-19,516909.24,504229.8717,12679.36827,12679.36827
29,2012-10-26,534970.68,533095.9624,1874.717626,1874.717626
30,2012-04-13,428784.7,480188.4854,-51403.78544,51403.78544
30,2012-04-20,462909.41,440777.9944,22131.41559,22131.41559
30,2012-04-27,433744.83,409035.4404,24709.38955,24709.38955
30,2012-05-04,454477.54,533773.0279,-79295.48794,79295.48794
30,2012-05-11,436070.45,488009.0516,-51938.60157,51938.60157
30,2012-05-18,460945.14,445345.7538,15599.38618,15599.38618
30,2012-05-25,449355.91,421758.3771,27597.53287,27597.53287
30,2012-06-01,427021.18,548205.1689,-121183.9889,121183.9889
30,2012-06-08,437222.94,511775.0003,-74552.0603,74552.0603
30,2012-06-15,438523.24,480957.8068,-42434.56675,42434.56675
30,2012-06-22,428554.63,448564.4445,-20009.81451,20009.81451
30,2012-06-29,423192.4,431553.9302,-8361.530249,8361.530249
30,2012-07-06,440553.42,498635.735,-58082.31504,58082.31504
30,2012-07-13,417640.34,468073.4374,-50433.09736,50433.09736
30,2012-07-20,427491.04,450340.9256,-22849.88558,22849.88558
30,2012-07-27,424581.17,440723.2623,-16142.09232,16142.09232
30,2012-08-03,425136.55,518401.6822,-93265.13217,93265.13217
30,2012-08-10,430878.28,503930.0427,-73051.76266,73051.76266
30,2012-08-17,423351.15,489572.1518,-66221.00184,66221.00184
30,2012-08-24,425296.65,471371.9654,-46075.31537,46075.31537
30,2012-08-31,439132.5,486585.1724,-47452.6724,47452.6724
30,2012-09-07,433565.77,450648.2112,-17082.4412,17082.4412
30,2012-09-14,437773.31,426795.6811,10977.62892,10977.62892
30,2012-09-21,443891.64,430863.9898,13027.65023,13027.65023
30,2012-09-28,425410.04,466962.1112,-41552.07122,41552.07122
30,2012-10-05,446751.45,435050.7113,11700.73873,11700.73873
30,2012-10-12,434593.26,438501.8609,-3908.600865,3908.600865
30,2012-10-19,437537.29,476816.7673,-39279.47729,39279.47729
30,2012-10-26,439424.5,505859.016,-66434.51596,66434.51596
31,2012-04-13,1407842.91,1440448.192,-32605.28154,32605.28154
31,2012-04-20,1407036.59,1401037.701,5998.889491,5998.889491
31,2012-04-27,1311352.25,1369295.147,-57942.89655,57942.89655
31,2012-05-04,1391257.28,1494032.734,-102775.454,102775.454
31,2012-05-11,1392938.06,1448268.758,-55330.69767,55330.69767
31,2012-05-18,1441473.82,1405605.46,35868.36008,35868.36008
31,2012-05-25,1397094.26,1382018.083,15076.17677,15076.17677
31,2012-06-01,1404516.29,1508464.875,-103948.5851,103948.5851
31,2012-06-08,1443285.79,1472034.706,-28748.91641,28748.91641
31,2012-06-15,1431003.43,1441217.513,-10214.08285,10214.08285
31,2012-06-22,1394065.76,1408824.151,-14758.39061,14758.39061
31,2012-06-29,1349202.25,1391813.636,-42611.38635,42611.38635
31,2012-07-06,1458059.42,1458895.441,-836.0211376,836.0211376
31,2012-07-13,1374301.34,1428333.143,-54031.80346,54031.80346
31,2012-07-20,1392395.2,1410600.632,-18205.43168,18205.43168
31,2012-07-27,1303732.36,1400982.968,-97250.60842,97250.60842
31,2012-08-03,1390174.63,1478661.388,-88486.75828,88486.75828
31,2012-08-10,1386472.59,1464189.749,-77717.15876,77717.15876
31,2012-08-17,1410181.7,1449831.858,-39650.15794,39650.15794
31,2012-08-24,1379783.21,1431631.671,-51848.46147,51848.46147
31,2012-08-31,1373651.49,1446844.878,-73193.3885,73193.3885
31,2012-09-07,1358111.62,1410907.917,-52796.2973,52796.2973
31,2012-09-14,1327705.44,1387055.387,-59349.94719,59349.94719
31,2012-09-21,1373064.87,1391123.696,-18058.82587,18058.82587
31,2012-09-28,1279080.58,1427221.817,-148141.2373,148141.2373
31,2012-10-05,1363365.05,1395310.417,-31945.36737,31945.36737
31,2012-10-12,1401113.42,1398761.567,2351.853034,2351.853034
31,2012-10-19,1378730.45,1437076.473,-58346.02339,58346.02339
31,2012-10-26,1340232.55,1466118.722,-125886.1721,125886.1721
32,2012-04-13,1171834.47,1172853.786,-1019.315517,1019.315517
32,2012-04-20,1121405.91,1130710.478,-9304.568425,9304.568425
32,2012-04-27,1126962.44,1120477.289,6485.150576,6485.150576
32,2012-05-04,1187384.53,1219017.461,-31632.93075,31632.93075
32,2012-05-11,1187051.07,1173530.509,13520.56066,13520.56066
32,2012-05-18,1177539.71,1138917.58,38622.12992,38622.12992
32,2012-05-25,1232784.22,1105201.256,127582.9643,127582.9643
32,2012-06-01,1157557.79,1239059.733,-81501.94341,81501.94341
32,2012-06-08,1246322.44,1220200.046,26122.39414,26122.39414
32,2012-06-15,1234759.54,1184627.91,50131.62995,50131.62995
32,2012-06-22,1196880.11,1160135.042,36745.06775,36745.06775
32,2012-06-29,1178211.81,1144942.355,33269.45512,33269.45512
32,2012-07-06,1214183.97,1205408.887,8775.082505,8775.082505
32,2012-07-13,1141184.66,1165552.605,-24367.94503,24367.94503
32,2012-07-20,1167829.33,1157758.453,10070.87679,10070.87679
32,2012-07-27,1144901.52,1139819.962,5081.557769,5081.557769
32,2012-08-03,1183571.35,1205017.682,-21446.33191,21446.33191
32,2012-08-10,1227469.2,1197027.959,30441.24098,30441.24098
32,2012-08-17,1261306.37,1179793.775,81512.59502,81512.59502
32,2012-08-24,1272809.11,1176189.055,96620.05515,96620.05515
32,2012-08-31,1183979.27,1190782.66,-6803.389675,6803.389675
32,2012-09-07,1126685.95,1135905.499,-9219.549141,9219.549141
32,2012-09-14,1156377.47,1119382.253,36995.21719,36995.21719
32,2012-09-21,1159119.6,1132206.822,26912.77844,26912.77844
32,2012-09-28,1157111.15,1143251.192,13859.95823,13859.95823
32,2012-10-05,1202775.24,1117751.23,85024.00957,85024.00957
32,2012-10-12,1176681.31,1114753.966,61927.34443,61927.34443
32,2012-10-19,1199292.06,1160071.442,39220.6183,39220.6183
32,2012-10-26,1219979.29,1171524.365,48454.92485,48454.92485
33,2012-04-13,312698.67,288635.2903,24063.37968,24063.37968
33,2012-04-20,261837.2,252960.0254,8877.174609,8877.174609
33,2012-04-27,249798.75,237866.8842,11931.86581,11931.86581
33,2012-05-04,270497.51,342974.7499,-72477.23991,72477.23991
33,2012-05-11,295841.84,301015.3129,-5173.472931,5173.472931
33,2012-05-18,276899.95,280394.2051,-3494.255103,3494.255103
33,2012-05-25,261851.74,239191.014,22660.72601,22660.72601
33,2012-06-01,261131.09,354052.7576,-92921.6676,92921.6676
33,2012-06-08,286082.76,332596.5899,-46513.82994,46513.82994
33,2012-06-15,290444.31,300027.0563,-9582.746279,9582.746279
33,2012-06-22,261666.29,273712.4161,-12046.12608,12046.12608
33,2012-06-29,244338.31,247898.1227,-3559.812708,3559.812708
33,2012-07-06,273690.37,305931.7086,-32241.33857,32241.33857
33,2012-07-13,287033.64,290188.1186,-3154.478577,3154.478577
33,2012-07-20,253205.89,255771.4339,-2565.543898,2565.543898
33,2012-07-27,249134.32,243183.6727,5950.64731,5950.64731
33,2012-08-03,258533.12,309664.85,-51131.72998,51131.72998
33,2012-08-10,297753.49,316554.6038,-18801.11381,18801.11381
33,2012-08-17,270097.76,303387.1386,-33289.3786,33289.3786
33,2012-08-24,247672.56,286007.4588,-38334.89881,38334.89881
33,2012-08-31,237129.81,298769.7925,-61639.98252,61639.98252
33,2012-09-07,286428.78,246292.1173,40136.66267,40136.66267
33,2012-09-14,277417.53,229801.7269,47615.80312,47615.80312
33,2012-09-21,252709.58,249146.3919,3563.188086,3563.188086
33,2012-09-28,242813.51,264896.5562,-22083.04617,22083.04617
33,2012-10-05,265444.9,243295.6059,22149.29408,22149.29408
33,2012-10-12,291781.15,252219.1681,39561.98192,39561.98192
33,2012-10-19,254412.34,266665.9899,-12253.64994,12253.64994
33,2012-10-26,253731.13,287679.8444,-33948.71444,33948.71444
34,2012-04-13,987353.65,956581.2018,30772.44822,30772.44822
34,2012-04-20,977628.78,913161.2027,64467.57731,64467.57731
34,2012-04-27,940299.87,900289.1585,40010.71145,40010.71145
34,2012-05-04,991104.4,1003679.176,-12574.7759,12574.7759
34,2012-05-11,949625.52,958189.1651,-8563.645061,8563.645061
34,2012-05-18,998672.85,925357.287,73315.56305,73315.56305
34,2012-05-25,1015737.61,902087.8785,113649.7315,113649.7315
34,2012-06-01,977062.44,1024250.956,-47188.51624,47188.51624
34,2012-06-08,999511.29,997463.3471,2047.942931,2047.942931
34,2012-06-15,982345.51,964178.4617,18167.04832,18167.04832
34,2012-06-22,1000285.1,935770.315,64514.78502,64514.78502
34,2012-06-29,942970.63,911323.7516,31646.8784,31646.8784
34,2012-07-06,1007867.68,973489.0892,34378.59077,34378.59077
34,2012-07-13,954677.75,939845.9894,14831.7606,14831.7606
34,2012-07-20,950929.59,926372.1126,24557.47739,24557.47739
34,2012-07-27,917883.79,907695.3139,10188.47605,10188.47605
34,2012-08-03,973250.41,981452.2134,-8201.803422,8201.803422
34,2012-08-10,1004523.59,969892.9878,34630.60216,34630.60216
34,2012-08-17,1013820.86,962846.5058,50974.35415,50974.35415
34,2012-08-24,926250.21,949403.3783,-23153.16825,23153.16825
34,2012-08-31,933487.71,958815.2894,-25327.57937,25327.57937
34,2012-09-07,976415.56,917028.3941,59387.16592,59387.16592
34,2012-09-14,955211.7,888872.6601,66339.03991,66339.03991
34,2012-09-21,943047.78,905468.3095,37579.47046,37579.47046
34,2012-09-28,928629.31,923482.6068,5146.703208,5146.703208
34,2012-10-05,968896.68,911257.8305,57638.84949,57638.84949
34,2012-10-12,948613.39,920613.7266,27999.66344,27999.66344
34,2012-10-19,963516.28,940681.4559,22834.82414,22834.82414
34,2012-10-26,956987.81,964517.7182,-7529.908176,7529.908176
35,2012-04-13,788633.42,887042.0356,-98408.61559,98408.61559
35,2012-04-20,794660.24,874494.8326,-79834.59255,79834.59255
35,2012-04-27,721212.45,815770.2707,-94557.82066,94557.82066
35,2012-05-04,772036.6,925520.5415,-153483.9415,153483.9415
35,2012-05-11,802383.63,898478.7797,-96095.14968,96095.14968
35,2012-05-18,819196.68,872840.6142,-53643.9342,53643.9342
35,2012-05-25,822167.17,833222.3439,-11055.17392,11055.17392
35,2012-06-01,932195.52,978813.615,-46618.09498,46618.09498
35,2012-06-08,873415.01,921784.3696,-48369.35959,48369.35959
35,2012-06-15,848289.41,898362.3757,-50072.96573,50072.96573
35,2012-06-22,911696,873322.5554,38373.44465,38373.44465
35,2012-06-29,892133.41,844277.0991,47856.31088,47856.31088
35,2012-07-06,985479.64,919780.3152,65699.32475,65699.32475
35,2012-07-13,825763.48,888323.6134,-62560.13338,62560.13338
35,2012-07-20,841224.74,865980.7002,-24755.96015,24755.96015
35,2012-07-27,808030.15,842239.0342,-34208.88425,34208.88425
35,2012-08-03,866216.36,910520.3431,-44303.9831,44303.9831
35,2012-08-10,888368.8,907091.2052,-18722.40523,18722.40523
35,2012-08-17,887979.47,896987.2828,-9007.812811,9007.812811
35,2012-08-24,895274.72,887689.7717,7584.948311,7584.948311
35,2012-08-31,931278.97,894463.5986,36815.37137,36815.37137
35,2012-09-07,984833.35,850072.9146,134760.4354,134760.4354
35,2012-09-14,821568.64,836649.0273,-15080.38734,15080.38734
35,2012-09-21,772302.94,844037.2713,-71734.33128,71734.33128
35,2012-09-28,814099.86,857759.2842,-43659.42423,43659.42423
35,2012-10-05,866064.4,834379.2868,31685.11319,31685.11319
35,2012-10-12,873643.14,836263.1881,37379.95193,37379.95193
35,2012-10-19,829284.67,861154.8015,-31870.13146,31870.13146
35,2012-10-26,865137.6,890399.8703,-25262.2703,25262.2703
36,2012-04-13,339407.94,443448.4438,-104040.5038,104040.5038
36,2012-04-20,323915.32,404862.8557,-80947.53569,80947.53569
36,2012-04-27,308389.82,366521.8943,-58132.07426,58132.07426
36,2012-05-04,312467.52,488639.9008,-176172.3808,176172.3808
36,2012-05-11,330518.34,448844.0319,-118325.6919,118325.6919
36,2012-05-18,324801.13,403745.7195,-78944.5895,78944.5895
36,2012-05-25,306098.17,376231.3081,-70133.13812,70133.13812
36,2012-06-01,306005.53,507106.671,-201101.141,201101.141
36,2012-06-08,338273.38,471828.8643,-133555.4843,133555.4843
36,2012-06-15,333146.88,438059.3,-104912.42,104912.42
36,2012-06-22,306411.01,401311.3375,-94900.32752,94900.32752
36,2012-06-29,291530.43,384335.7722,-92805.34222,92805.34222
36,2012-07-06,306578.89,448373.7596,-141794.8696,141794.8696
36,2012-07-13,298337.41,416482.6523,-118145.2423,118145.2423
36,2012-07-20,303289.55,402776.6867,-99487.13673,99487.13673
36,2012-07-27,279643.43,389718.4022,-110074.9722,110074.9722
36,2012-08-03,304989.97,463261.5596,-158271.5896,158271.5896
36,2012-08-10,298947.51,450613.7174,-151666.2074,151666.2074
36,2012-08-17,314607.22,448094.1415,-133486.9215,133486.9215
36,2012-08-24,282545.55,436817.8239,-154272.2739,154272.2739
36,2012-08-31,282647.48,446997.6851,-164350.2051,164350.2051
36,2012-09-07,293728.57,399388.8349,-105660.2649,105660.2649
36,2012-09-14,301893.63,389026.4697,-87132.83973,87132.83973
36,2012-09-21,293804.45,398197.0593,-104392.6093,104392.6093
36,2012-09-28,270677.98,422801.0941,-152123.1141,152123.1141
36,2012-10-05,277137.86,399878.2869,-122740.4269,122740.4269
36,2012-10-12,300236.85,417242.7134,-117005.8634,117005.8634
36,2012-10-19,287360.05,446489.4186,-159129.3686,159129.3686
36,2012-10-26,272489.41,471968.8406,-199479.4306,199479.4306
37,2012-04-13,506973.17,570137.7374,-63164.56739,63164.56739
37,2012-04-20,523483.19,531562.52,-8079.329952,8079.329952
37,2012-04-27,528807.45,493247.884,35559.566,35559.566
37,2012-05-04,535311.64,615375.4634,-80063.82343,80063.82343
37,2012-05-11,527983.04,575571.6171,-47588.57713,47588.57713
37,2012-05-18,534847.96,530478.8889,4369.071083,4369.071083
37,2012-05-25,540625.79,502958.0956,37667.69439,37667.69439
37,2012-06-01,531811.85,633826.2789,-102014.4289,102014.4289
37,2012-06-08,528940.78,598544.4834,-69603.70336,69603.70336
37,2012-06-15,508573.16,564737.4252,-56164.26521,56164.26521
37,2012-06-22,484032.75,527987.8673,-43955.11728,43955.11728
37,2012-06-29,508309.81,510992.3584,-2682.548438,2682.548438
37,2012-07-06,519498.32,575044.7052,-55546.38519,55546.38519
37,2012-07-13,506005.47,543140.834,-37135.36397,37135.36397
37,2012-07-20,503744.56,529435.6662,-25691.10617,25691.10617
37,2012-07-27,514489.17,516373.393,-1884.222967,1884.222967
37,2012-08-03,521959.28,589918.1458,-67958.86585,67958.86585
37,2012-08-10,500964.59,577277.4832,-76312.89324,76312.89324
37,2012-08-17,509633.71,574761.0984,-65127.38836,65127.38836
37,2012-08-24,522665.04,563448.0847,-40783.04467,40783.04467
37,2012-08-31,538344.1,573640.7097,-35296.6097,35296.6097
37,2012-09-07,526838.14,526029.4663,808.6737155,808.6737155
37,2012-09-14,514651.74,515673.483,-1021.743047,1021.743047
37,2012-09-21,521320.98,524854.4433,-3533.463283,3533.463283
37,2012-09-28,527953.14,549463.2646,-21510.12455,21510.12455
37,2012-10-05,546122.37,526540.4573,19581.91267,19581.91267
37,2012-10-12,521810.75,543889.7267,-22078.97672,22078.97672
37,2012-10-19,551969.1,573137.2296,-21168.12963,21168.12963
37,2012-10-26,534738.43,598626.2245,-63887.79454,63887.79454
38,2012-04-13,435790.74,428227.0693,7563.670746,7563.670746
38,2012-04-20,401615.8,398234.1018,3381.698215,3381.698215
38,2012-04-27,419964.77,385578.9772,34385.79279,34385.79279
38,2012-05-04,491755.69,487838.1036,3917.586375,3917.586375
38,2012-05-11,429914.6,451675.0592,-21760.45922,21760.45922
38,2012-05-18,412314.71,427874.2876,-15559.57763,15559.57763
38,2012-05-25,422810.12,386919.0438,35891.0762,35891.0762
38,2012-06-01,435579.7,501030.3591,-65450.65911,65450.65911
38,2012-06-08,448110.25,478174.5458,-30064.29576,30064.29576
38,2012-06-15,430222.07,444765.2247,-14543.1547,14543.1547
38,2012-06-22,405938.35,423532.375,-17594.02496,17594.02496
38,2012-06-29,404634.36,390095.3959,14538.9641,14538.9641
38,2012-07-06,471086.22,479310.3302,-8224.110212,8224.110212
38,2012-07-13,416036.75,468146.1158,-52109.36582,52109.36582
38,2012-07-20,441683.74,425071.5354,16612.20461,16612.20461
38,2012-07-27,407186.47,424393.1545,-17206.68451,17206.68451
38,2012-08-03,469311.17,483227.6838,-13916.51378,13916.51378
38,2012-08-10,436690.13,489839.9378,-53149.80779,53149.80779
38,2012-08-17,411866.46,481495.8669,-69629.40692,69629.40692
38,2012-08-24,397428.22,458991.3307,-61563.11065,61563.11065
38,2012-08-31,424904.95,470576.4803,-45671.53034,45671.53034
38,2012-09-07,490274.82,420998.63,69276.19,69276.19
38,2012-09-14,430944.39,412428.3626,18516.02741,18516.02741
38,2012-09-21,409600.98,423723.7065,-14122.72652,14122.72652
38,2012-09-28,398468.08,435942.4571,-37474.37707,37474.37707
38,2012-10-05,458479.01,442688.4798,15790.53024,15790.53024
38,2012-10-12,437320.66,442155.8233,-4835.163282,4835.163282
38,2012-10-19,428806.46,458777.4792,-29971.01919,29971.01919
38,2012-10-26,417290.38,477939.4948,-60649.1148,60649.1148
39,2012-04-13,1580732.73,1472595.971,108136.7588,108136.7588
39,2012-04-20,1433391.04,1434279.15,-888.1098787,888.1098787
39,2012-04-27,1456997.2,1395706.118,61291.0822,61291.0822
39,2012-05-04,1512227.34,1519836.267,-7608.927202,7608.927202
39,2012-05-11,1470792.41,1477857.587,-7065.176846,7065.176846
39,2012-05-18,1522978.54,1432097.335,90881.20469,90881.20469
39,2012-05-25,1596036.66,1406105.386,189931.2743,189931.2743
39,2012-06-01,1640476.77,1537447.295,103029.4748,103029.4748
39,2012-06-08,1623442.24,1502230.099,121212.1412,121212.1412
39,2012-06-15,1587499.82,1467475.588,120024.2319,120024.2319
39,2012-06-22,1532316.79,1431285.888,101030.9015,101030.9015
39,2012-06-29,1492388.98,1413429.059,78959.92077,78959.92077
39,2012-07-06,1659221.99,1478536.523,180685.4665,180685.4665
39,2012-07-13,1471261.76,1447666.237,23595.52323,23595.52323
39,2012-07-20,1582168.27,1430838.782,151329.4875,151329.4875
39,2012-07-27,1487797.54,1418487.099,69310.4414,69310.4414
39,2012-08-03,1608277.74,1491170.531,117107.2089,117107.2089
39,2012-08-10,1641867.92,1479757.25,162110.6699,162110.6699
39,2012-08-17,1720221.91,1476745.606,243476.3041,243476.3041
39,2012-08-24,1724669.75,1466293.913,258375.8373,258375.8373
39,2012-08-31,1710923.94,1475840.547,235083.3926,235083.3926
39,2012-09-07,1609811.75,1429499.752,180311.9984,180311.9984
39,2012-09-14,1447614.08,1417055.066,30559.01367,30559.01367
39,2012-09-21,1555672.51,1424190.391,131482.1194,131482.1194
39,2012-09-28,1495607.07,1450844.848,44762.22217,44762.22217
39,2012-10-05,1574408.67,1427771.31,146637.3605,146637.3605
39,2012-10-12,1494417.07,1445378.975,49038.09494,49038.09494
39,2012-10-19,1577486.33,1472020.984,105465.3463,105465.3463
39,2012-10-26,1569502,1499921.676,69580.32422,69580.32422
40,2012-04-13,857811.17,955587.3527,-97776.18268,97776.18268
40,2012-04-20,896979.93,952140.0629,-55160.13286,55160.13286
40,2012-04-27,875372.91,898777.4509,-23404.54087,23404.54087
40,2012-05-04,993311.59,999036.6748,-5725.084831,5725.084831
40,2012-05-11,967729.35,976911.8441,-9182.494053,9182.494053
40,2012-05-18,896295.41,949860.3657,-53564.95567,53564.95567
40,2012-05-25,991054.49,927535.4077,63519.08233,63519.08233
40,2012-06-01,1037464.27,1053445.419,-15981.14891,15981.14891
40,2012-06-08,1079386.88,997215.1998,82171.68018,82171.68018
40,2012-06-15,977950.28,978387.238,-436.9580068,436.9580068
40,2012-06-22,1033552.18,958139.8704,75412.30959,75412.30959
40,2012-06-29,988764.84,917023.3281,71741.51186,71741.51186
40,2012-07-06,1182901.56,981516.489,201385.071,201385.071
40,2012-07-13,979848.71,953388.0012,26460.70877,26460.70877
40,2012-07-20,968502.38,938043.2008,30459.17924,30459.17924
40,2012-07-27,954396.85,914361.2325,40035.61751,40035.61751
40,2012-08-03,1068346.76,989178.894,79167.86601,79167.86601
40,2012-08-10,1007906.43,978621.417,29285.01301,29285.01301
40,2012-08-17,969387.48,971200.1787,-1812.698727,1812.698727
40,2012-08-24,945318.47,957768.9076,-12450.43762,12450.43762
40,2012-08-31,987264.67,964847.1733,22417.49674,22417.49674
40,2012-09-07,1088248.4,916053.9692,172194.4308,172194.4308
40,2012-09-14,901709.82,906056.8788,-4347.058758,4347.058758
40,2012-09-21,899768.4,907779.1155,-8010.715547,8010.715547
40,2012-09-28,919595.44,917279.4232,2316.016791,2316.016791
40,2012-10-05,1069112,899725.6816,169386.3184,169386.3184
40,2012-10-12,982523.26,899984.6019,82538.65806,82538.65806
40,2012-10-19,918170.5,920218.3947,-2047.894744,2047.894744
40,2012-10-26,921264.52,951280.8524,-30016.33245,30016.33245
41,2012-04-13,1323004.73,1245873.556,77131.17397,77131.17397
41,2012-04-20,1220815.33,1203041.193,17774.1374,17774.1374
41,2012-04-27,1248950.65,1195994.889,52955.76085,52955.76085
41,2012-05-04,1359770.73,1291671.17,68099.55991,68099.55991
41,2012-05-11,1353285.1,1246722.544,106562.5561,106562.5561
41,2012-05-18,1331514.44,1218483.386,113031.0542,113031.0542
41,2012-05-25,1424500.47,1179103.88,245396.5904,245396.5904
41,2012-06-01,1374891.36,1311455.047,63436.31338,63436.31338
41,2012-06-08,1436383.84,1291561.775,144822.0654,144822.0654
41,2012-06-15,1384584.59,1256075.771,128508.8192,128508.8192
41,2012-06-22,1386407.17,1227319.367,159087.8031,159087.8031
41,2012-06-29,1355600.01,1217639.13,137960.8798,137960.8798
41,2012-07-06,1456300.89,1275332.612,180968.2779,180968.2779
41,2012-07-13,1332594.07,1235217.933,97376.13652,97376.13652
41,2012-07-20,1347175.93,1228780.361,118395.5687,118395.5687
41,2012-07-27,1344723.97,1209657.555,135066.4152,135066.4152
41,2012-08-03,1439607.35,1279850.933,159756.4171,159756.4171
41,2012-08-10,1504545.94,1266973.217,237572.7234,237572.7234
41,2012-08-17,1560590.05,1248059.458,312530.5922,312530.5922
41,2012-08-24,1464462.85,1252917.211,211545.6393,211545.6393
41,2012-08-31,1360517.52,1259952.729,100564.7911,100564.7911
41,2012-09-07,1392143.82,1203805.121,188338.6993,188338.6993
41,2012-09-14,1306644.25,1188336.992,118307.2581,118307.2581
41,2012-09-21,1276609.36,1203271.796,73337.5643,73337.5643
41,2012-09-28,1307928.01,1212464.327,95463.68299,95463.68299
41,2012-10-05,1400160.95,1181486.421,218674.5294,218674.5294
41,2012-10-12,1409544.97,1180836.254,228708.7161,228708.7161
41,2012-10-19,1326197.24,1226369.06,99828.1799,99828.1799
41,2012-10-26,1316542.59,1234785.829,81756.76092,81756.76092
42,2012-04-13,639123.45,576633.7661,62489.68391,62489.68391
42,2012-04-20,552529.23,536005.9088,16523.32123,16523.32123
42,2012-04-27,526625.49,525714.6289,910.8611124,910.8611124
42,2012-05-04,609274.89,625546.9071,-16272.01706,16272.01706
42,2012-05-11,643603.69,584491.8565,59111.83349,59111.83349
42,2012-05-18,590636.38,564667.4701,25968.90993,25968.90993
42,2012-05-25,535764.58,527254.0888,8510.49121,8510.49121
42,2012-06-01,521953.78,640716.1867,-118762.4067,118762.4067
42,2012-06-08,642671.48,618054.1705,24617.30952,24617.30952
42,2012-06-15,606309.13,585936.83,20372.29996,20372.29996
42,2012-06-22,540031.29,555380.1868,-15348.89679,15348.89679
42,2012-06-29,507403.77,527498.7244,-20094.95442,20094.95442
42,2012-07-06,618702.09,584576.9322,34125.15779,34125.15779
42,2012-07-13,628099.08,565689.5227,62409.55731,62409.55731
42,2012-07-20,530318.39,532909.3468,-2590.956803,2590.956803
42,2012-07-27,516352.21,514012.4135,2339.796456,2339.796456
42,2012-08-03,573084.71,586092.1735,-13007.46354,13007.46354
42,2012-08-10,576620.31,588847.5894,-12227.27937,12227.27937
42,2012-08-17,575997.78,578544.0146,-2546.234551,2546.234551
42,2012-08-24,535537.03,562973.1076,-27436.07764,27436.07764
42,2012-08-31,504760.57,574744.9229,-69984.35286,69984.35286
42,2012-09-07,617405.35,519317.2252,98088.12475,98088.12475
42,2012-09-14,586737.66,511483.105,75254.55501,75254.55501
42,2012-09-21,527165.7,531538.3594,-4372.659361,4372.659361
42,2012-09-28,505978.46,548795.8343,-42817.37434,42817.37434
42,2012-10-05,593162.53,525033.318,68129.21196,68129.21196
42,2012-10-12,612379.9,535442.6579,76937.24208,76937.24208
42,2012-10-19,541406.98,551547.5216,-10140.54158,10140.54158
42,2012-10-26,514756.08,571786.1877,-57030.10771,57030.10771
43,2012-04-13,665687.92,653229.8749,12458.04512,12458.04512
43,2012-04-20,638144.98,611983.2565,26161.72349,26161.72349
43,2012-04-27,593138.59,599054.7315,-5916.141498,5916.141498
43,2012-05-04,637964.2,704126.859,-66162.65903,66162.65903
43,2012-05-11,640159.04,644360.6044,-4201.564425,4201.564425
43,2012-05-18,648541.81,614997.7569,33544.05314,33544.05314
43,2012-05-25,597406.39,598444.2721,-1037.882101,1037.882101
43,2012-06-01,605078.62,722127.4368,-117048.8168,117048.8168
43,2012-06-08,643032.51,695595.0505,-52562.54049,52562.54049
43,2012-06-15,634815.1,664701.2444,-29886.14437,29886.14437
43,2012-06-22,613270.79,631164.6251,-17893.8351,17893.8351
43,2012-06-29,593128.13,605646.5636,-12518.43356,12518.43356
43,2012-07-06,645618.59,661379.4819,-15760.89187,15760.89187
43,2012-07-13,627634.04,628381.9472,-747.9072305,747.9072305
43,2012-07-20,596554.05,617691.0765,-21137.02649,21137.02649
43,2012-07-27,572447.52,595886.0774,-23438.55735,23438.55735
43,2012-08-03,614378.94,672638.9258,-58259.98577,58259.98577
43,2012-08-10,643558.78,665273.527,-21714.74702,21714.74702
43,2012-08-17,640210.85,658034.0291,-17823.17914,17823.17914
43,2012-08-24,598234.64,648005.6996,-49771.05956,49771.05956
43,2012-08-31,593141.29,649405.5605,-56264.27052,56264.27052
43,2012-09-07,663814.18,611369.2109,52444.96907,52444.96907
43,2012-09-14,625196.94,588189.3526,37007.58742,37007.58742
43,2012-09-21,601990.02,608098.45,-6108.429992,6108.429992
43,2012-09-28,577792.32,628685.2977,-50892.9777,50892.9777
43,2012-10-05,642614.89,613630.6795,28984.21053,28984.21053
43,2012-10-12,619369.72,629477.3361,-10107.61613,10107.61613
43,2012-10-19,623919.23,652974.6424,-29055.41236,29055.41236
43,2012-10-26,587603.55,673286.725,-85683.17498,85683.17498
44,2012-04-13,311390.22,328256.662,-16866.44197,16866.44197
44,2012-04-20,323233.8,289809.1868,33424.61321,33424.61321
44,2012-04-27,330338.36,284239.2144,46099.14563,46099.14563
44,2012-05-04,326053.28,368337.2378,-42283.95785,42283.95785
44,2012-05-11,341381.08,333969.4167,7411.663266,7411.663266
44,2012-05-18,334042.43,313252.634,20789.79596,20789.79596
44,2012-05-25,343268.29,267905.4959,75362.79407,75362.79407
44,2012-06-01,323410.94,391596.6077,-68185.66765,68185.66765
44,2012-06-08,340238.38,369838.9417,-29600.56175,29600.56175
44,2012-06-15,338400.82,328855.5972,9545.222759,9545.222759
44,2012-06-22,336241,310225.8245,26015.17552,26015.17552
44,2012-06-29,338386.08,298793.9685,39592.11147,39592.11147
44,2012-07-06,358461.58,359553.8306,-1092.250574,1092.250574
44,2012-07-13,336479.49,344012.8309,-7533.340878,7533.340878
44,2012-07-20,337819.16,305472.1548,32347.00522,32347.00522
44,2012-07-27,319855.26,297931.1375,21924.12247,21924.12247
44,2012-08-03,342385.38,371593.1418,-29207.76184,29207.76184
44,2012-08-10,333594.81,360914.4005,-27319.59052,27319.59052
44,2012-08-17,327389.51,350002.3533,-22612.84331,22612.84331
44,2012-08-24,337985.74,343703.4047,-5717.664739,5717.664739
44,2012-08-31,339490.69,349579.1157,-10088.4257,10088.4257
44,2012-09-07,338737.33,284319.6436,54417.68643,54417.68643
44,2012-09-14,347726.67,281694.8682,66031.80177,66031.80177
44,2012-09-21,336017.6,293098.6569,42918.94309,42918.94309
44,2012-09-28,355307.94,302154.4121,53153.52794,53153.52794
44,2012-10-05,337390.44,273654.7214,63735.71864,63735.71864
44,2012-10-12,337796.13,280384.3879,57411.74212,57411.74212
44,2012-10-19,323766.77,297089.7826,26676.98739,26676.98739
44,2012-10-26,361067.07,311029.6172,50037.45275,50037.45275
45,2012-04-13,781970.6,765325.2156,16645.38445,16645.38445
45,2012-04-20,776661.74,754688.6964,21973.04364,21973.04364
45,2012-04-27,711571.88,696712.0358,14859.84424,14859.84424
45,2012-05-04,782300.68,807856.1975,-25555.51749,25555.51749
45,2012-05-11,770487.37,782380.5921,-11893.22206,11893.22206
45,2012-05-18,800842.28,754323.4072,46518.87284,46518.87284
45,2012-05-25,817741.17,717483.5593,100257.6107,100257.6107
45,2012-06-01,837144.63,860147.0036,-23002.37364,23002.37364
45,2012-06-08,795133,801331.1825,-6198.182459,6198.182459
45,2012-06-15,821498.18,782567.2327,38930.94733,38930.94733
45,2012-06-22,822569.16,754492.2654,68076.89462,68076.89462
45,2012-06-29,773367.71,726093.807,47273.90299,47273.90299
45,2012-07-06,843361.1,792813.3285,50547.77149,50547.77149
45,2012-07-13,749817.08,761616.0303,-11798.95032,11798.95032
45,2012-07-20,737613.65,737751.1433,-137.4932605,137.4932605
45,2012-07-27,711671.58,716169.6483,-4498.068299,4498.068299
45,2012-08-03,725729.51,784953.0863,-59223.57629,59223.57629
45,2012-08-10,733037.32,779183.7195,-46146.39949,46146.39949
45,2012-08-17,722496.93,767048.7777,-44551.84768,44551.84768
45,2012-08-24,718232.26,758956.0094,-40723.74943,40723.74943
45,2012-08-31,734297.87,766740.7808,-32442.91077,32442.91077
45,2012-09-07,766512.66,721659.9348,44852.72524,44852.72524
45,2012-09-14,702238.27,707250.3597,-5012.089659,5012.089659
45,2012-09-21,723086.2,715281.9804,7804.219568,7804.219568
45,2012-09-28,713173.95,731090.0833,-17916.1333,17916.1333
45,2012-10-05,733455.07,700963.1092,32491.96082,32491.96082
45,2012-10-12,734464.36,700497.2995,33967.06048,33967.06048
45,2012-10-19,718125.53,727803.0154,-9677.485362,9677.485362
45,2012-10-26,760281.43,757424.5648,2856.865194,2856.865194